,species,Longitude (degrees),lat,AMT,max temp,Tmin,AMP,Clay,Country,,,,,,,,  
,,,,,,,,,,,,,,,,,
1,Festuca arundinacea,-72.13,-51.67,58,164,-39,391,31.55999947,AUS,,,,,,,, 
2,Festuca arundinacea,-70.62,-51.38,66,175,-30,172,31.04999924,AUS,,,,,,,, 
3,Lycium barbarum,-70.62,-51.38,66,175,-30,172,31.04999924,AUS,,,,,,,, 
4,Festuca arundinacea,168.66495,-46.56945,10,190,9,1128,41,AUS,,,,,,,, 
5,Festuca arundinacea,168.73071,-46.56891,10,191,9,1148,41,AUS,,,,,,,,   
6,Festuca arundinacea,169.47878,-46.559834,98,190,7,1131,4,AUS,,,,,,,,   
7,Festuca arundinacea,169.68292,-46.48182,99,190,8,927,16.91566277,AUS,,,,,,,,    
8,Festuca arundinacea,169.77547,-46.32535,103,195,11,717,23,,,,,,,,,          
9,Galium palustre,169.82523,-46.200645,102,196,8,702,23,,,,,,,,,        
10,Festuca arundinacea,170.50644,-45.8819,104,189,17,884,23,,,,,,,,,
11,Festuca arundinacea,-115.326233,43.068888,102,189,16,859,23,NA,,,,,,,,
12,Fumaria ((muralis)),170.49046,-45.85635,98,187,10,972,23,,,,,,,,,
13,Fallopia convolvulus,170.38522,-45.855015,103,191,15,816,23,AUS,,,,,,,, 
14,Euphorbia helioscopia,170 51675,-45.848396,104,189,-9999,884,23,AUS,,,,,,,, 
15,Euphorbia helioscopia,170.61676,-45.848396,102,189,16,859,23,AUS,,,,,,,, 
16,Festuca arundinacea,-72.1333,-45.5833,72,170,-8,1318,7,AUS,,,,,,,,
17,Festuca 'arundinacea',170.83173,-45.170017,108,205,12,592,22,AUS,,,,,,,, 
18,Festuca arundinacea,168.43652,-44.072456,110,216,10,4.586,9,AUS,,,,,,,, 
19,Festuca arundinacea,168.42442,-44.063896,110,216,10,4.586,9,AUS,,,,,,,, 
20,Festuca arundinacea,168.40633,-44.038727,114,217,15,-9999,9,,,,,,,,, 
21,Festuca arundinacea,168.84497,-44.025085,94,209,-9,3.964,9.340000153,,,,,,,,,
22,Festuca arundinacea,168.37201,-44.01886,114,217,15,4816,9,,,,,,,,,
23,Festuca arundinacea,172.13345,-43.898346,116,215,16,657,21.95000076,,,,,,,,,
24,Euphorbia helioscopia,172.25345,-43.81501,117,216,17,644,23,,,,,,,,,
25,Fumaria muralis,172.25345,-43.81501,117,216,17,644,23,,,,,,,,,
26,Festuca arundinacea,172.65813,-43.803455,118,219,18,706,23,,,,,,,,,
27,Festuca arundinacea,172.7509,-43.79424,105,207,8,1003,20,,,,,,,,,
28,Lycium barbarum,172.95013,-43.781677,111,211,15,1020,20,,,,,,,,,
29,Festuca arundinacea,172.44745,-43.739647,118,219,18,632,23,,,,,,,,,
30,Festuca arundinacea,170.08856,-43.731125,71,194,-34,3323,9,,,,,,,,,
31,Festuca arundinacea,172.89442,-43.68691,103,205,7,953,20,,,,,,,,,
32,Lycium barbarum,172.54736,-43.659073,118,220,17,635,23,,,,,,,,,
33,Fumaria muralis,172.47313,-43.64076,117,218,17,635,23,,,,,,,,,
34,Festuca arundinacea,169.43108,-43.63396,111,222,7,5316,10,,,,,,,,,
35,Fumaria muralis,172.48346,-43.63167,117,218,17,635,23,,,,,,,,,
36,Fumaria muralis,172.51045,-43.62292,118,220,17,635,23,,,,,,,,,
37,Euphorbia helioscopia,172.756,-43.566998,118,220,19,640,20,,,,,,,,,
38,Lycium barbarum,172.60887,-43.540493,119,220,18,614,22.70000076,,,,,,,,,
39,Festuca arundinacea,172.73386,-43.533646,118,219,18,620,21.1707325,,,,,,,,,
40,Fallopia convolvulus,172.63489,-43.533375,119,220,18,614,22.70000076,,,,,,,,,
41,Fumaria muralis,172.63489,-43.533375,119,220,18,614,22.70000076,,,,,,,,,
42,Fallopia convolvulus,172.50513,-43.53167,118,219,17,624,23,,,,,,,,,
43,Fallopia convolvulus,172.60345,-43.53167,119,220,18,614,22.70000076,,,,,,,,,
44,Festuca arundinacea,172.59784,-43.52425,119,220,18,614,22.70000076,,,,,,,,,
45,Festuca arundinacea,172.54851,-43.516834,118,219,17,624,23,,,,,,,,,
46,Galium palustre,172.68457,-43.49752,119,220,-9999,599,23,,,,,,,,,
47,Fallopia convolvulus,172.7217,-43.488617,119,220,20,599,23,,,,,,,,,
48,Fumaria muralis,172.7217,xxxxxx,119,xxxxxx,20,599,23,,,,,,,,,
49,Festuca arundinacea,172.69698,-43.488552,119,220,20,599,23,,,,,,,,,
50,Fallopia convolvulus,172.59807,-43.48825,119,220,19,610,23,,,,,,,,,
51,Festuca arundinacea,169.82162,-43.484005,121,226,18,4485,10,,,,,,,,,
52,Galium palustre,172.68588,-43.480423,119,220,20,599,23,,,,,,,,,
53,Festuca arundinacea,172.42758,-43.457226,116,217,15,663,22.72999954,,,,,,,,,
54,Festuca arundinacea,171.955,-43.44452,104,204,5,883,22.04000092,,,,,,,,,
55,Festuca arundinacea,172.19254,-43.44302,110,210,10,763,20.18000031,,,,,,,,,
56,Festuca arundinacea,170.17773,-43.418156,55,175,-45,3889,9,,,,,,,,,
57,Festuca arundinacea,169.84508,-43.400425,119,224,16,4516,10,,,,,,,,,
58,Festuca arundinacea,172.69768,-43.325,120,219,22,646,23,,,,,,,,,
59,Festuca arundinacea,172.70276,-43.322483,120,219,22,646,23,,,,,,,,,
60,Galium palustre,172.70168,-43.31933,120,219,22,646,23,,,,,,,,,
61,Festuca arundinacea,170.22054,-43.293125,114,217,12,4239,9.699999809,,,,,,,,,
62,Euphorbia helioscopia,172.58711,-43.281185,119,218,20,678,23,,,,,,,,,
63,Festuca arundinacea,172.72269,-43.272594,120,219,22,646,23,,,,,,,,,
64,Festuca arundinacea,-70.24,-43.21,83,227,-29,185,46,,,,,,,,,
65,Fumaria muralis,147.083,-43.1667,113,202,38,968,10.7704916,,,,,,,,,
66,Festuca arundinacea,147.833,-43.1667,109,187,44,1086,9,,,,,,,,,
67,Fumaria muralis,147.85,-43.15,117,195,49,986,9,,,,,,,,,
68,Festuca arundinacea,172.50958,-43.117046,99,199,3,831,13.60000038,,,,,,,,,
69,Fumaria muralis,147,-43.0833,113,211,31,869,10.71717167,,,,,,,,,
70,Festuca arundinacea,147.017,-43.0833,113,211,31,869,10.71717167,,,,,,,,,
71,Festuca arundinacea,172.78117,-43.075165,115,212,20,639,22,,,,,,,,,
72,Festuca arundinacea,173.07613,-43.062435,115,211,23,764,22,,,,,,,,,
73,Fumaria muralis,147.41,-43.0367,123,213,45,593,10.14285755,,,,,,,,,
74,Festuca arundinacea,172.70766,-43.021915,113,211,18,651,22,,,,,,,,,
75,Festuca arundinacea,147.033,-43.0167,113,211,31,869,10.71717167,,,,,,,,,
76,Festuca arundinacea,147.924,-43.015,106,186,39,1072,9,,,,,,,,,
77,Euphorbia helioscopia,147.248,-43.0144,104,198,28,1038,9,,,,,,,,,
78,Fumaria muralis,147.32,-43,119,212,40,740,9,,,,,,,,,
79,Festuca arundinacea,147.0833,-42.9833,102,201,21,948,13.85999966,,,,,,,,,
80,Festuca arundinacea,147.08,-42.98,102,201,21,948,13.85999966,,,,,,,,,
81,Ficus carica,147.417,-42.9333,124,215,44,598,11,,,,,,,,,
82,Euphorbia helioscopia,147.3167,-42.9167,112,209,32,856,9,,,,,,,,,
83,Fumaria muralis,147.3167,-42.9167,112,209,32,856,9,,,,,,,,,
84,Festuca arundinacea,147.333,-42.9167,112,209,32,856,9,,,,,,,,,
85,Fumaria muralis,147.4833,-42.9167,124,215,44,598,11,,,,,,,,,
86,Festuca arundinacea,147.233,-42.9,78,174,6,1004,18.40999985,,,,,,,,,
87,Fumaria muralis,147.3,-42.9,114,214,31,769,10.49473667,,,,,,,,,
88,Euphorbia helioscopia,147.367,-42.8833,121,218,38,632,11,,,,,,,,,
89,Festuca arundinacea,147.359,-42.8722,121,218,38,632,11,,,,,,,,,
90,Fumaria muralis,147.8167,-42.8667,120,207,42,783,9,,,,,,,,,
91,Euphorbia helioscopia,147.3,-42.8,119,221,32,633,11,,,,,,,,,
92,Festuca arundinacea,147,-42.75,111,218,22,666,9.760000229,,,,,,,,,
93,Fumaria muralis,147.217,-42.7333,118,225,28,574,11,,,,,,,,,
94,Fumaria muralis,147.95,-42.7167,119,208,37,779,9,,,,,,,,,
95,Ficus carica,170.99666,-42.716686,120,205,29,3016,10,,,,,,,,,
96,Lycium barbarum,147.267,-42.7,119,223,29,592,11,,,,,,,,,
97,Festuca arundinacea,147.4,-42.5667,109,217,20,605,11,,,,,,,,,
98,Fumaria muralis,147.917,-42.5,124,217,37,661,9,,,,,,,,,
99,Festuca arundinacea,171.19228,-42.443954,119,204,30,2842,10,,,,,,,,,
100,Festuca arundinacea,173.55693,-42.33363,116,206,32,1085,10,,,,,,,,,
101,Galium palustre,146.4,-42.3,77,186,-3,1338,22,,,,,,,,,
102,Fumaria muralis,148,-42.3,126,221,37,582,9.571428299,,,,,,,,,
103,Festuca arundinacea,173.583,-42.3,69,169,-16,1223,10,,,,,,,,,
104,Festuca arundinacea,148.017,-42.2667,126,221,37,582,9.571428299,,,,,,,,,
105,Festuca arundinacea,148.05,-42.2,120,215,31,643,9,,,,,,,,,
106,Fumaria muralis,145.283,-42.1333,118,201,53,1767,9,,,,,,,,,
107,Festuca arundinacea,148.083,-42.0833,127,222,37,617,10.73999977,,,,,,,,,
108,Festuca arundinacea,146.767,-42.0667,66,177,-14,818,22,,,,,,,,,
109,Lycium barbarum,147.483,-42.0333,112,226,17,530,20.63999939,,,,,,,,,
110,Festuca arundinacea,148.2,-41.9667,128,217,43,717,11,,,,,,,,,
111,Festuca arundinacea,147.3167,-41.8667,114,232,17,578,11.15999985,,,,,,,,,
112,Festuca arundinacea,173.02795,-41.831665,64,166,-24,1647,10,,,,,,,,,
113,Festuca arundinacea,147.752,-41.8192,108,214,19,657,9.899999619,,,,,,,,,
114,Festuca arundinacea,173.04298,-41.815815,64,166,-24,1647,10,,,,,,,,,
115,Festuca arundinacea,147.8,-41.7,107,212,17,705,10.89999962,,,,,,,,,
116,Galium palustre,171.8,-41.6667,112,198,25,2525,10,,,,,,,,,
117,Galium palustre,147.967,-41.6167,113,214,24,702,10.56999969,,,,,,,,,
118,Festuca arundinacea,172.49068,-41.55224,76,174,-13,2439,10,,,,,,,,,
119,Galium palustre,146.633,-41.5333,108,220,18,1039,17.47999954,,,,,,,,,
120,Festuca arundinacea,172.0194,-41.52204,104,194,15,2480,10,,,,,,,,,
121,Festuca arundinacea,147.133,-41.4833,120,235,27,762,9.800000191,,,,,,,,,
122,Festuca arundinacea,172.0561,-41.459297,112,200,23,2314,10,,,,,,,,,
123,Festuca arundinacea,-71.55,-41.43,52,183,-42,1004,13,,,,,,,,,
124,Galium palustre,147.117,-41.4167,120,235,27,762,9.800000191,,,,,,,,,
125,Galium palustre,147.15,-41.4167,120,235,27,762,9.800000191,,,,,,,,,
126,Festuca arundinacea,147.117,-41.4,122,234,31,818,9.020833015,,,,,,,,,
127,Galium palustre,172.08347,-41.36495,123,210,33,1979,10,,,,,,,,,
128,Galium palustre,148.25,-41.3,129,220,41,849,23,,,,,,,,,
129,Festuca arundinacea,173.57405,-41.29874,118,216,19,1670,20,,,,,,,,,
130,Festuca arundinacea,174.77313,-41.287716,129,215,55,1168,20,,,,,,,,,
131,Festuca arundinacea,173.76022,-41.274513,119,218,22,1522,20,,,,,,,,,
132,Euphorbia helioscopia,174.75017,-41.264954,129,215,55,1168,20,,,,,,,,,
133,Festuca arundinacea,174.86516,-41.25162,128,215,53,1382,20,,,,,,,,,
134,Fumaria muralis,174.85016,-41.248287,125,213,50,1434,20,,,,,,,,,
135,Festuca arundinacea,173.31625,-41.237827,124,220,21,1424,10,,,,,,,,,
136,Festuca arundinacea,146.167,-41.2167,119,212,37,1046,23.01010132,,,,,,,,,
137,Galium palustre,148.3,-41.2,128,219,42,884,21.54545403,,,,,,,,,
138,Festuca arundinacea,146.9,-41.1833,126,228,40,904,3,,,,,,,,,
139,Festuca arundinacea,146.9,-41.18,126,228,40,904,3,,,,,,,,,
140,Euphorbia helioscopia,146.35,-41.175,125,218,41,932,23.0465107,,,,,,,,,
141,Euphorbia helioscopia,146.181,-41.1675,119,212,37,1046,23.01010132,,,,,,,,,
142,Festuca arundinacea,145.8,-41.15,114,206,37,1273,23,,,,,,,,,
143,Festuca arundinacea,146.1,-41.1333,124,215,44,999,24,,,,,,,,,
144,Fumaria muralis,146.817,-41.1333,128,226,45,811,4.690140724,,,,,,,,,
145,Festuca arundinacea,172.58934,-41.120445,69,169,-19,2693,10,,,,,,,,,
146,Fumaria muralis,147.483,-41.1167,124,230,37,906,11,,,,,,,,,
147,Euphorbia helioscopia,146.064,-41.1128,119,210,40,1105,23.54430389,,,,,,,,,
148,Fumaria muralis,146.064,-41.1128,119,210,40,1105,23.54430389,,,,,,,,,
149,Euphorbia helioscopia,146.2,-41.1,127,218,45,948,23.09090996,,,,,,,,,
150,Fumaria muralis,146.85,-41.1,125,226,42,864,10.56756783,,,,,,,,,
151,Festuca arundinacea,174.85464,-41.094185,128,216,52,1331,20,,,,,,,,,
152,Euphorbia helioscopia,145.9,-41.083333,121,211,44,1106,23,,,,,,,,,
153,Festuca arundinacea,175.20686,-41.046078,108,206,26,2030,20,,,,,,,,,
154,Festuca arundinacea,145.833,-41.0333,122,211,44,1123,23,,,,,,,,,
155,Fumaria muralis,145.833,-41.0333,122,211,44,1123,23,,,,,,,,,
156,Fumaria muralis,146.933,-41.0167,127,227,45,834,11,,,,,,,,,
157,Euphorbia helioscopia,145.720833,-40.991389,124,213,46,1073,23,,,,,,,,,
158,Fumaria muralis,145.717,-40.9833,124,213,46,1073,23,,,,,,,,,
159,Fumaria muralis,145.633333,-40.95,123,211,46,1130,23,,,,,,,,,
160,Festuca arundinacea,144.75,-40.9333,125,208,60,1245,24,,,,,,,,,
161,Festuca arundinacea,145.517,-40.9333,118,207,44,1242,12.39999962,,,,,,,,,
162,Festuca arundinacea,144.783,-40.9167,125,208,60,1245,24,,,,,,,,,
163,Festuca arundinacea,174.97691,-40.915123,130,221,49,1158,6,,,,,,,,,
164,Festuca arundinacea,144.6672,-40.9131,127,209,64,1118,9.5625,,,,,,,,,
165,Festuca arundinacea,144.6672,-40.913,127,209,64,1118,9.5625,,,,,,,,,
166,Festuca arundinacea,145.184,-40.9008,123,209,52,1122,21.79999924,,,,,,,,,
167,Festuca arundinacea,144.667,-40.9,127,209,64,1118,9.5625,,,,,,,,,
168,Galium palustre,147.9,-40.9,132,226,50,721,3,,,,,,,,,
169,Fumaria muralis,145.483,-40.8667,125,211,51,1079,4.125,,,,,,,,,
170,Galium palustre,172.76831,-40.848274,126,218,30,2179,10,,,,,,,,,
171,Fumaria muralis,147.633,-40.8333,132,228,50,690,3,,,,,,,,,
172,Festuca arundinacea,144.917,-40.7667,127,211,59,1123,7.384615421,,,,,,,,,
173,Fumaria muralis,175.31012,-40.59364,133,228,47,1112,19.71999931,,,,,,,,,
174,Fumaria muralis,147.883,-40.3167,135,224,58,719,9,,,,,,,,,
175,Festuca arundinacea,176.62354,-40.30866,133,234,40,1093,21,,,,,,,,,
176,Festuca arundinacea,176.66331,-40.291553,133,234,40,1093,21,,,,,,,,,
177,Fumaria muralis,148.2,-40.25,136,221,61,729,8.142857552,,,,,,,,,
178,Fumaria muralis,148.233,-40.2167,135,220,61,754,7.777777672,,,,,,,,,
179,Fallopia convolvulus,175.34685,-40.131596,131,227,45,949,22,,,,,,,,,
180,Festuca arundinacea,148.0167,-40.1167,133,221,58,790,10.11363602,,,,,,,,,
181,Festuca arundinacea,143.95,-40.1,133,207,76,986,5.666666508,,,,,,,,,
182,Festuca arundinacea,144,-40.1,130,206,73,1031,11,,,,,,,,,
183,Festuca arundinacea,175.09743,-40.03176,136,229,52,880,6,,,,,,,,,
184,Festuca arundinacea,175.10017,-40.014927,136,229,52,880,6,,,,,,,,,
185,Festuca arundinacea,143.883,-40,132,206,75,995,3,,,,,,,,,
186,Festuca arundinacea,144.117,-40,129,205,71,1055,11,,,,,,,,,
187,Festuca arundinacea,147.9167,-40,131,219,56,823,7.111111164,,,,,,,,,
188,Fumaria muralis,148.0833,-40,130,218,56,833,10.89999962,,,,,,,,,
189,Galium palustre,175.58018,-39.981594,123,222,35,1042,20.04000092,,,,,,,,,
190,Lycium barbarum,175.06055,-39.933468,137,228,52,876,12.80000019,,,,,,,,,
191,Lycium barbarum,175.04184,-39.93159,137,228,52,876,12.80000019,,,,,,,,,
192,Fallopia convolvulus,175.03351,-39.914925,133,225,48,970,20.52000046,,,,,,,,,
193,Fumaria muralis,144,-39.8333,134,210,74,992,7.480000019,,,,,,,,,
194,Fallopia convolvulus,148,-39.83,137,223,62,767,3,,,,,,,,,
195,Ficus carica,174.8235,-39.798256,132,224,47,1079,18,,,,,,,,,
196,Festuca arundinacea,174.6385,-39.781586,134,225,49,1028,18,,,,,,,,,
197,Festuca arundinacea,143.867,-39.7,135,210,75,962,5.040816307,,,,,,,,,
198,Fumaria muralis,147.917,-39.7,135,222,60,778,3,,,,,,,,,
199,Festuca arundinacea,175.71352,-39.636585,107,211,17,1016,13.43999958,,,,,,,,,
200,Festuca arundinacea,176.87633,-39.475296,142,243,44,830,20.06349182,,,,,,,,,
201,Festuca arundinacea,174.10757,-39.350388,112,206,29,2935,18,,,,,,,,,
202,Fumaria muralis,174.29091,-39.35021,123,215,40,1912,18,,,,,,,,,
203,Festuca arundinacea,173.80559,-39.32599,135,223,50,1503,18,,,,,,,,,
204,Festuca arundinacea,146.3167,-39.0167,130,217,61,1095,9,,,,,,,,,
205,Galium palustre,176,-38.883333,113,221,17,1494,4,,,,,,,,,
206,Festuca arundinacea,-61.87,-38.84,150,299,31,587,8,,,,,,,,,
207,Festuca arundinacea,-60.57,-38.74,144,294,31,685,28.29999924,,,,,,,,,
208,Festuca arundinacea,143.3488,-38.7047,124,221,52,1390,10,,,,,,,,,
209,Festuca arundinacea,143.3489,-38.7047,124,221,52,1390,10,,,,,,,,,
210,Festuca arundinacea,145.9167,-38.6667,137,237,56,958,11.77999973,,,,,,,,,
211,Festuca arundinacea,143,-38.6167,136,236,58,987,10,,,,,,,,,
212,Festuca arundinacea,-70.43,-38.58,119,281,-4,348,15,,,,,,,,,
213,Festuca arundinacea,143.7167,-38.5167,124,230,44,1194,10,,,,,,,,,
214,Festuca arundinacea,177.05997,-38.50352,109,218,13,2061,4,,,,,,,,,
215,Fumaria muralis,145,-38.4833,141,235,67,875,11,,,,,,,,,
216,Festuca arundinacea,144.9333,-38.4333,138,230,65,893,11,,,,,,,,,
217,Festuca arundinacea,145.5422,-38.3911,140,249,55,967,12.83673477,,,,,,,,,
218,Euphorbia helioscopia,142.438611,-38.384167,138,237,57,798,11,,,,,,,,,
219,Euphorbia helioscopia,142.6,-38.3833,138,241,56,816,11,,,,,,,,,
220,Fumaria muralis,145.2167,-38.3833,144,246,65,803,9.5,,,,,,,,,
221,Euphorbia helioscopia,142.6,-38.38,138,241,56,816,11,,,,,,,,,
222,Euphorbia helioscopia,142.6,-38.37,138,241,56,816,11,,,,,,,,,
223,Euphorbia helioscopia,142.4833,-38.3667,138,237,57,798,11,,,,,,,,,
224,Fumaria muralis,145.2167,-38.3667,144,246,65,803,9.5,,,,,,,,,
225,Fumaria muralis,146.1667,-38.3667,123,238,29,1053,20.60000038,,,,,,,,,
226,Festuca arundinacea,141.6,-38.35,136,219,67,820,8,,,,,,,,,
227,Fumaria muralis,141.6,-38.35,136,219,67,820,8,,,,,,,,,
228,Euphorbia helioscopia,142.42,-38.35,138,237,57,798,11,,,,,,,,,
229,Euphorbia helioscopia,141.599722,-38.348889,136,219,67,820,8,,,,,,,,,
230,Fumaria muralis,142.2667,-38.3333,137,236,56,777,11,,,,,,,,,
231,Festuca arundinacea,143.2477,-38.3311,133,252,47,848,15.72000027,,,,,,,,,
232,Festuca arundinacea,143.2478,-38.3311,133,252,47,848,15.72000027,,,,,,,,,
233,Euphorbia helioscopia,142.6,-38.3,136,242,52,817,11.13000011,,,,,,,,,
234,Lycium barbarum,144.6667,-38.2667,143,231,63,664,7,,,,,,,,,
235,Festuca arundinacea,146.2167,-38.2667,122,240,26,1032,11.72000027,,,,,,,,,
236,Festuca arundinacea,141.5,-38.25,135,223,62,824,8.869999886,,,,,,,,,
237,Festuca arundinacea,147.3333,-38.25,139,243,41,647,8,,,,,,,,,
238,Euphorbia helioscopia,142.913889,-38.24,134,253,46,788,24,,,,,,,,,
239,Fallopia convolvulus,143.51,-38.23,134,249,47,674,23.45999908,,,,,,,,,
240,Euphorbia helioscopia,145.1667,-38.2167,144,251,61,804,3,,,,,,,,,
241,Galium palustre,141.4842,-38.2125,133,227,58,836,9.529999733,,,,,,,,,
242,Festuca arundinacea,141.773888,-38.202222,138,235,59,779,11,,,,,,,,,
243,Festuca arundinacea,146.0167,-38.2,132,252,35,1025,23,,,,,,,,,
244,Euphorbia helioscopia,144.35,-38.1667,144,244,57,572,10,,,,,,,,,
245,Festuca arundinacea,144.35,-38.1667,144,244,57,572,10,,,,,,,,,
246,Festuca arundinacea,145.1167,-38.15,146,254,62,0.0743,10.12727261,,,,,,,,,
247,Fumaria muralis,146.4833,-38.15,129,249,27,912,11,,,,,,,,,
248,Festuca arundinacea,147.4167,-38.1333,141,245,41,654,8,,,,,,,,,
249,Lycium barbarum,144.6667,-38.1167,144,241,59,631,11,,,,,,,,,
250,Festuca arundinacea,145.85,-38.1167,135,257,38,1039,21.92000008,,,,,,,,,
251,Fumaria muralis,147.0667,-38.1167,138,251,34,625,13.10000038,,,,,,,,,
252,Lycium barbarum,147.0667,-38.1167,138,251,34,625,13.10000038,,,,,,,,,
253,Fallopia convolvulus,143.5,-38.1,135,253,46,607,23.0930233,,,,,,,,,
254,Festuca arundinacea,146.3,-38.1,133,254,31,938,11.60000038,,,,,,,,,
255,Festuca arundinacea,175.26154,-38.09834,138,238,44,1412,20,,,,,,,,,
256,Fumaria muralis,145.4167,-38.0667,141,258,50,928,20.12999916,,,,,,,,,
257,Festuca arundinacea,140.93481,-38.05207,137,232,58,785,6,,,,,,,,,
258,Festuca arundinacea,140.7,-38.05,137,223,60,733,6,,,,,,,,,
259,Fumaria muralis,145.3667,-38.05,142,258,53,885,5.420000076,,,,,,,,,
260,Euphorbia helioscopia,147.2,-38.05,140,252,35,624,41,,,,,,,,,
261,Festuca arundinacea,144.25,-38.0333,141,251,50,547,10.77999973,,,,,,,,,
262,Euphorbia helioscopia,145.4333,-38.025,141,258,50,928,20.12999916,,,,,,,,,
263,Festuca arundinacea,177.2646,-38.013382,144,245,48,1405,4,,,,,,,,,
264,Festuca arundinacea,177.38972,-38.00862,139,241,43,1525,4,,,,,,,,,
265,Festuca arundinacea,175.31552,-38.007088,139,239,44,1384,20,,,,,,,,,
266,Fallopia convolvulus,145.5,-38,140,258,48,952,32.25999832,,,,,,,,,
267,Festuca arundinacea,147.5167,-37.9833,141,248,40,685,41,,,,,,,,,
268,Festuca arundinacea,140.512778,-37.978889,137,227,60,748,6,,,,,,,,,
269,Festuca arundinacea,143.95,-37.9667,134,252,43,614,20.95000076,,,,,,,,,
270,Lycium barbarum,144.5,-37.9667,145,251,53,510,11,,,,,,,,,
271,Festuca arundinacea,144.6167,-37.9667,145,251,54,537,11,,,,,,,,,
272,Festuca arundinacea,146.7333,-37.9583,134,258,28,778,10.06000042,,,,,,,,,
273,Fumaria muralis,144.4167,-37.95,143,251,51,503,11,,,,,,,,,
274,Ficus carica,140.730556,-37.940556,137,229,58,733,6,,,,,,,,,
275,Fumaria muralis,144.9667,-37.9333,148,258,59,702,3,,,,,,,,,
276,Fumaria muralis,144.9894,-37.9211,148,258,59,702,3,,,,,,,,,
277,Fumaria muralis,143.95,-37.9167,134,252,43,614,20.95000076,,,,,,,,,
278,Lycium barbarum,144.9667,-37.9167,148,258,59,702,3,,,,,,,,,
279,Fumaria muralis,145,-37.9167,147,258,59,738,18.4651165,,,,,,,,,
280,Festuca arundinacea,146.4,-37.9167,116,244,15,1303,11,,,,,,,,,
281,Euphorbia helioscopia,146.9,-37.9167,138,259,30,674,10,,,,,,,,,
282,Festuca arundinacea,146.75,-37.9,131,256,23,823,10.22999954,,,,,,,,,
283,Fumaria muralis,144.1167,-37.8833,129,248,39,664,19.12000084,,,,,,,,,
284,Fumaria muralis,145.05,-37.8833,147,260,58,749,3,,,,,,,,,
285,Festuca arundinacea,175.93237,-37.870277,121,224,27,2246,4.159999847,,,,,,,,,
286,Fumaria muralis,144.7667,-37.8667,147,256,55,580,46.20000076,,,,,,,,,
287,Festuca arundinacea,145.1667,-37.8667,144,261,53,859,10.43999958,,,,,,,,,
288,Festuca arundinacea,141.0167,-37.85,136,244,53,767,3,,,,,,,,,
289,Fumaria muralis,144.25,-37.85,135,250,43,604,11,,,,,,,,,
290,Euphorbia helioscopia,144.8833,-37.85,148,259,56,611,55,,,,,,,,,
291,Fumaria muralis,145.2167,-37.85,144,261,53,859,10.43999958,,,,,,,,,
292,Festuca arundinacea,148.1047,-37.8486,145,247,49,766,11,,,,,,,,,
293,Ficus carica,145.038889,-37.846944,147,260,58,749,3,,,,,,,,,
294,Fumaria muralis,145.3667,-37.8333,136,260,43,1042,23,,,,,,,,,
295,Festuca arundinacea,140.778333,-37.825556,136,245,53,719,3,,,,,,,,,
296,Fumaria muralis,141.015833,-37.825278,136,250,51,750,5.239999771,,,,,,,,,
297,Fumaria muralis,145.35,-37.82,136,260,43,1042,23,,,,,,,,,
298,Festuca arundinacea,141.3833,-37.8167,135,253,48,762,3.799999952,,,,,,,,,
299,Euphorbia helioscopia,144.9667,-37.8167,148,262,56,656,36.77319717,,,,,,,,,
300,Fumaria muralis,144.9667,-37.8167,148,262,56,656,36.77319717,,,,,,,,,
301,Fumaria muralis,145.0667,-37.8167,147,263,56,719,7.159999847,,,,,,,,,
302,Fumaria muralis,145.2333,-37.8167,143,263,50,862,11,,,,,,,,,
303,Lycium barbarum,140.8,-37.8,136,245,53,719,3,,,,,,,,,
304,Festuca arundinacea,144.9,-37.8,147,260,55,608,55,,,,,,,,,
305,Fumaria muralis,145.2667,-37.8,142,263,48,909,15.56000042,,,,,,,,,
306,Fumaria muralis,148.3833,-37.8,145,249,48,858,13.71428585,,,,,,,,,
307,Ficus carica,145,-37.7953,147,263,56,719,7.159999847,,,,,,,,,
308,Festuca arundinacea,143.1167,-37.7833,131,262,37,581,10,,,,,,,,,
309,Festuca arundinacea,176.37584,-37.78183,144,241,49,1457,4,,,,,,,,,
310,Festuca arundinacea,144.7667,-37.7667,145,258,52,578,54.56000137,,,,,,,,,
311,Festuca arundinacea,145.0833,-37.7667,147,263,56,719,7.159999847,,,,,,,,,
312,Fumaria muralis,146.6833,-37.7667,127,256,20,943,11,,,,,,,,,
313,Euphorbia helioscopia,144.875,-37.75,147,260,55,608,55,,,,,,,,,
314,Euphorbia helioscopia,145.268,-37.7472,143,267,47,843,11,,,,,,,,,
315,Fumaria muralis,143.6167,-37.7333,125,254,32,692,10.72999954,,,,,,,,,
316,Festuca arundinacea,144.8333,-37.7167,144,261,50,572,31.68000031,,,,,,,,,
317,Festuca arundinacea,140.633333,-37.716667,136,247,52,785,3,,,,,,,,,
318,Festuca arundinacea,141.4,-37.7,136,259,46,732,3,,,,,,,,,
319,Fumaria muralis,145.4,-37.7,144,269,47,842,11.84000015,,,,,,,,,
320,Festuca arundinacea,145.8,-37.7,121,253,24,1434,23,,,,,,,,,
321,Festuca arundinacea,148.45,-37.7,146,252,47,886,21,,,,,,,,,
322,Fumaria muralis,144.578889,-37.683611,141,259,45,510,11,,,,,,,,,
323,Festuca arundinacea,140.5333,-37.6833,135,244,52,817,32.70999908,,,,,,,,,
324,Festuca arundinacea,144.4333,-37.6833,140,259,44,507,11,,,,,,,,,
325,Festuca arundinacea,176.12102,-37.68202,144,240,50,1504,15.68000031,,,,,,,,,
326,Fumaria muralis,144.35,-37.6667,136,256,41,571,11,,,,,,,,,
327,Festuca arundinacea,144.5167,-37.6667,141,259,45,510,11,,,,,,,,,
328,Fumaria muralis,145.3667,-37.6667,144,269,47,842,11.84000015,,,,,,,,,
329,Festuca arundinacea,145.55,-37.6667,133,262,36,1192,12.07999992,,,,,,,,,
330,Fumaria muralis,145.1,-37.65,142,266,46,743,11,,,,,,,,,
331,Festuca arundinacea,140.405,-37.648056,140,249,58,749,34,,,,,,,,,
332,Festuca arundinacea,140.24,-37.633333,141,243,62,739,7,,,,,,,,,
333,Festuca arundinacea,140.5167,-37.6167,136,251,51,825,4.059999943,,,,,,,,,
334,Festuca arundinacea,140.51,-37.61,136,251,51,825,4.059999943,,,,,,,,,
335,Euphorbia helioscopia,141.691111,-37.603889,135,263,43,660,48.63999939,,,,,,,,,
336,Festuca arundinacea,140.223333,-37.601111,141,243,62,739,7,,,,,,,,,
337,Festuca arundinacea,140.536667,-37.600556,136,251,51,825,4.059999943,,,,,,,,,
338,Festuca arundinacea,148.5,-37.6,139,248,40,933,20.5,,,,,,,,,
339,Festuca arundinacea,140.354167,-37.598611,140,249,58,749,34,,,,,,,,,
340,Festuca arundinacea,143.85,-37.5667,120,251,25,808,13.93999958,,,,,,,,,
341,Fumaria muralis,149.7667,-37.5667,149,224,75,939,10.1351347,,,,,,,,,
342,Fumaria muralis,144.045278,-37.557222,114,245,20,933,21.92000008,,,,,,,,,
343,Festuca arundinacea,140.221111,-37.551111,142,247,62,729,6.5,,,,,,,,,
344,Festuca arundinacea,175.16458,-37.550434,144,240,53,1264,47,,,,,,,,,
345,Fumaria muralis,144.05,-37.55,114,245,20,933,21.92000008,,,,,,,,,
346,Fumaria muralis,147.35,-37.55,130,256,21,802,11,,,,,,,,,
347,Ficus carica,149.7411,-37.5364,148,227,71,943,3.282352924,,,,,,,,,
348,Fumaria muralis,144.0333,-37.5333,114,245,20,933,21.92000008,,,,,,,,,
349,Festuca arundinacea,144.5833,-37.5333,126,253,30,780,20.11000061,,,,,,,,,
350,Festuca arundinacea,140.149167,-37.507222,142,244,64,726,6.985507011,,,,,,,,,
351,Festuca arundinacea,140.15054,-37.50578,142,244,64,726,6.985507011,,,,,,,,,
352,Festuca arundinacea,140.466667,-37.5,138,254,52,803,12.34000015,,,,,,,,,
353,Festuca arundinacea,145.8833,-37.4833,83,218,-5,1872,23,,,,,,,,,
354,Festuca arundinacea,174.78377,-37.480335,141,235,53,1452,47,,,,,,,,,
355,Festuca arundinacea,140.241944,-37.469444,143,251,61,716,13,,,,,,,,,
356,Festuca arundinacea,140.24347,-37.46799,143,251,61,716,13,,,,,,,,,
357,Festuca arundinacea,140.0333,-37.45,143,244,66,709,6.911764622,,,,,,,,,
358,Fumaria muralis,148.2139,-37.45,134,252,29,877,12.80000019,,,,,,,,,
359,Fumaria muralis,143.3833,-37.4333,124,261,26,706,10.14000034,,,,,,,,,
360,Fumaria muralis,148.3167,-37.4222,135,252,30,889,11.60000038,,,,,,,,,
361,Festuca arundinacea,174.73027,-37.38693,145,237,58,1335,29.8214283,,,,,,,,,
362,Fumaria muralis,140.816667,-37.383333,141,274,46,672,50.02000046,,,,,,,,,
363,Fumaria muralis,143.6167,-37.3667,120,259,21,754,14.64999962,,,,,,,,,
364,Fumaria muralis,143.3,-37.35,125,265,26,696,11,,,,,,,,,
365,Fumaria muralis,142.9333,-37.2833,130,270,32,635,10.13000011,,,,,,,,,
366,Festuca arundinacea,140.2014,-37.2678,144,259,60,685,56,,,,,,,,,
367,Fumaria muralis,144.2333,-37.2667,121,260,20,869,11,,,,,,,,,
368,Fumaria muralis,139.833333,-37.258333,145,237,73,672,7,,,,,,,,,
369,Fumaria muralis,139.83,-37.2583,145,237,73,672,7,,,,,,,,,
370,Lycium barbarum,144.0667,-37.2167,132,275,27,618,15.19999981,,,,,,,,,
371,Festuca arundinacea,175.31108,-37.18689,144,239,54,1434,43.09677505,,,,,,,,,
372,Lycium barbarum,147.659167,-37.183889,107,242,-2,808,11,,,,,,,,,
373,Fumaria muralis,139.75,-37.17,145,238,73,656,7,,,,,,,,,
374,Festuca arundinacea,175.5356,-37.163925,139,234,49,2052,36.28168869,,,,,,,,,
375,Lycium barbarum,149.87,-37.13,149,234,60,889,14.60240936,,,,,,,,,
376,Festuca arundinacea,145.4167,-37.1,128,272,24,864,11,,,,,,,,,
377,Ficus carica,175.51686,-37.098206,139,234,49,2052,36.28168869,,,,,,,,,
378,Fumaria muralis,144.2083,-37.075,135,282,26,627,11,,,,,,,,,
379,Lycium barbarum,144.2167,-37.0667,135,282,26,627,11,,,,,,,,,
380,Fumaria muralis,140.666667,-37.066667,145,285,47,564,56,,,,,,,,,
381,Festuca arundinacea,175.67136,-37.059757,127,225,38,2814,48,,,,,,,,,
382,Fumaria muralis,144.1,-37.0167,137,283,28,601,11,,,,,,,,,
383,Festuca arundinacea,140.752778,-36.955556,144,286,45,575,11.80000019,,,,,,,,,
384,Festuca arundinacea,143.7167,-36.9472,143,291,32,519,11,,,,,,,,,
385,Fumaria muralis,139.683056,-36.944444,147,245,72,604,6.119402885,,,,,,,,,
386,Euphorbia helioscopia,149.87,-36.92,150,241,51,882,24,,,,,,,,,
387,Lycium barbarum,148.4167,-36.9167,119,252,2,853,11,,,,,,,,,
388,Festuca arundinacea,174.7632,-36.908714,152,241,68,1275,20,,,,,,,,,
389,Festuca arundinacea,174.65079,-36.901497,150,239,67,1292,47.38999939,,,,,,,,,
390,Fumaria muralis,145.5333,-36.8833,137,286,27,757,11,,,,,,,,,
391,Festuca arundinacea,-62.43,-36.87,153,318,20,773,16,,,,,,,,,
392,Festuca arundinacea,174.70576,-36.855568,152,241,68,1275,26.27000046,,,,,,,,,
393,Festuca arundinacea,174.76743,-36.85457,152,241,68,1275,20,,,,,,,,,
394,Fumaria muralis,144.2667,-36.7667,142,287,30,600,11,,,,,,,,,
395,Euphorbia helioscopia,174.767,-36.7667,154,243,70,1243,38.31818008,,,,,,,,,
396,Festuca arundinacea,174.767,-36.7667,154,243,70,1243,38.31818008,,,,,,,,,
397,Euphorbia helioscopia,141.9167,-36.75,142,289,32,478,55,,,,,,,,,
398,Euphorbia helioscopia,149.65,-36.75,138,248,27,923,20.10000038,,,,,,,,,
399,Fumaria muralis,148.4167,-36.7333,108,247,-12,934,11,,,,,,,,,
400,Euphorbia helioscopia,141.9906,-36.7331,143,291,32,457,55,,,,,,,,,
401,Festuca arundinacea,174.75018,-36.73153,152,241,68,1264,46,,,,,,,,,
402,Fumaria muralis,148.41,-36.73,98,236,-19,1098,11,,,,,,,,,
403,Festuca arundinacea,141.9333,-36.7167,143,291,32,457,55,,,,,,,,,
404,Fumaria muralis,142.2,-36.7167,144,293,32,495,55,,,,,,,,,
405,Fumaria muralis,142.18,-36.7,14.4,293,32,495,55,,,,,,,,,
406,Euphorbia helioscopia,149.7,-36.7,147,254,36,884,24,,,,,,,,,
407,Fumaria muralis,148.6181,-36.6764,120,260,-3,752,11,,,,,,,,,
408,Festuca arundinacea,146.4833,-36.6333,136,287,20,868,10.36999989,,,,,,,,,
409,Ficus carica,145.2194,-36.6167,149,298,32,574,10.84000015,,,,,,,,,
410,Fumaria muralis,146.1833,-36.6167,14,293,24,764,13.51000023,,,,,,,,,
411,Lycium barbarum,143.95,-36.6,150,298,35,477,11,,,,,,,,,
412,Festuca arundinacea,145.2833,-36.6,150,298,34,581,10.18999958,,,,,,,,,
413,Fallopia convolvulus,149.8,-36.6,14.7,252,38,936,24,,,,,,,,,
414,Festuca arundinacea,149.9,-36.6,150,250,44,947,24,,,,,,,,,
415,Festuca arundinacea,149.82,-36.57,147,252,38,956,24,,,,,,,,,
416,Fumaria muralis,146.5667,-36.5,139,289,22,850,10,,,,,,,,,
417,Festuca arundinacea,149.8,-36.5,147,252,38,956,24,,,,,,,,,
418,Lycium barbarum,141.7167,-36.4167,143,294,31,455,11,,,,,,,,,
419,Festuca arundinacea,140.45,-36.416667,148,290,49,544,10,,,,,,,,,
420,Festuca arundinacea,145.75,-36.3833,151,303,34,586,10.03999996,,,,,,,,,
421,Festuca arundinacea,139.75,-36.3,152,270,64,521,4,,,,,,,,,
422,Fumaria muralis,146.1667,-36.3,143,297,24,664,11,,,,,,,,,
423,Festuca arundinacea,139.733333,-36.283333,152,267,66,523,4.235294342,,,,,,,,,
424,Ficus carica,146.8333,-36.2667,127,277,10,992,11,,,,,,,,,
425,Ficus carica,146.83,-36.26,127,277,10,992,11,,,,,,,,,
426,Festuca arundinacea,140.07916,-36.25805,152,281,60,515,7.179999828,,,,,,,,,
427,Lycium barbarum,149.12,-36.22,111,256,-21,590,22.18000031,,,,,,,,,
428,Ficus carica,147.2333,-36.1833,140,295,19,893,10.07999992,,,,,,,,,
429,Fumaria muralis,141.9667,-36.15,152,306,35,382,11,,,,,,,,,
430,Festuca arundinacea,142.8667,-36.15,153,306,36,391,52.79999924,,,,,,,,,
431,Festuca arundinacea,144.8167,-36.15,154,307,32,455,11,,,,,,,,,
432,Festuca arundinacea,146.9333,-36.1333,151,304,29,760,10,,,,,,,,,
433,Festuca arundinacea,142.85,-36.13,153,306,36,391,52.79999924,,,,,,,,,
434,Festuca arundinacea,148.1,-36.1,122,278,-2,1008,23,,,,,,,,,
435,Fallopia convolvulus,149.1,-36.1,112,257,-20,615,22,,,,,,,,,
436,Fumaria muralis,143.226667,-36.080556,155,307,37,403,11,,,,,,,,,
437,Fumaria muralis,146.92,-36.07,149,304,28,745,10,,,,,,,,,
438,Fumaria muralis,142.0167,-36.0333,151,307,34,389,11.43999958,,,,,,,,,
439,Fumaria muralis,144.2,-36,156,307,36,420,55,,,,,,,,,
440,Fumaria muralis,144.91507,-35.929783,156,310,33,440,11,,,,,,,,,
441,Ficus carica,147.7,-35.92,141,301,15,872,10,,,,,,,,,
442,Fumaria muralis,136.77428,-35.91418,144,226,85,722,10,,,,,,,,,
443,Fumaria muralis,145.1167,-35.8667,158,311,34,453,11,,,,,,,,,
444,Fumaria muralis,145.4167,-35.85,159,313,33,478,11,,,,,,,,,
445,Fumaria muralis,150.1833,-35.8333,158,244,61,1104,24,,,,,,,,,
446,Festuca arundinacea,149.63,-35.82,115,249,-6,959,11,,,,,,,,,
447,Fallopia convolvulus,150.1,-35.8,157,246,57,1072,24,,,,,,,,,
448,Fumaria muralis,137.8,-35.766667,153,233,87,554,6.081632614,,,,,,,,,
449,Fumaria muralis,144.345,-35.749702,160,312,36,409,55,,,,,,,,,
450,Fumaria muralis,146.5909,-35.72465,155,314,28,548,10.53999996,,,,,,,,,
451,Fumaria muralis,150.2,-35.7,160,247,60,1099,24,,,,,,,,,
452,Fumaria muralis,137.666667,-35.683333,153,236,86,535,10,,,,,,,,,
453,Fumaria muralis,144.23741,-35.657265,160,312,37,402,55,,,,,,,,,
454,Fumaria muralis,138.50183,-35.62612,151,240,75,661,10,,,,,,,,,
455,Fumaria muralis,138.4388,-35.60311,151,239,76,685,10,,,,,,,,,
456,Fumaria muralis,137.5,-35.6,155,244,85,497,10,,,,,,,,,
457,Fumaria muralis,138.538333,-35.596389,151,240,75,661,10,,,,,,,,,
458,Fumaria muralis,138.368056,-35.594722,146,235,74,748,10,,,,,,,,,
459,Festuca arundinacea,138.595278,-35.579722,154,246,75,573,3,,,,,,,,,
460,Festuca arundinacea,138.261111,-35.572222,143,236,70,779,10,,,,,,,,,
461,Lycium barbarum,149.13,-35.57,117,266,-14,759,11,,,,,,,,,
462,Festuca arundinacea,138.355278,-35.563889,145,238,71,778,10,,,,,,,,,
463,Festuca arundinacea,138.563056,-35.553056,151,243,74,668,6.079999924,,,,,,,,,
464,Festuca arundinacea,138.60529,-35.5468,154,246,75,573,3,,,,,,,,,
465,Fumaria muralis,138.533333,-35.533333,151,243,74,668,6.079999924,,,,,,,,,
466,Galium palustre,174.27185,-35.53151,152,240,72,1789,46,,,,,,,,,
467,Fumaria muralis,138.680278,-35.526667,155,251,74,512,6.900000095,,,,,,,,,
468,Fumaria muralis,138.221944,-35.523889,148,238,76,651,10,,,,,,,,,
469,Festuca arundinacea,138.679167,-35.521944,155,251,74,512,6.900000095,,,,,,,,,
470,Lycium barbarum,143.95,-35.5167,161,312,38,391,55,,,,,,,,,
471,Ficus carica,139.030833,-35.513611,156,263,68,413,4,,,,,,,,,
472,Festuca arundinacea,138.464722,-35.489444,145,243,67,800,43.36000061,,,,,,,,,
473,Fumaria muralis,138.83359,-35.48727,157,261,70,450,4,,,,,,,,,
474,Lycium barbarum,138.613611,-35.486389,147,248,67,722,5.449999809,,,,,,,,,
475,Fumaria muralis,143.9,-35.4833,162,313,39,380,55,,,,,,,,,
476,Fumaria muralis,138.5833,-35.4667,145,245,66,796,23.35000038,,,,,,,,,
477,Fumaria muralis,138.60013,-35.45573,147,248,67,722,5.449999809,,,,,,,,,
478,Festuca arundinacea,-57.31,-35.42,158,285,54,907,70.66000366,,,,,,,,,
479,Galium palustre,138.666667,-35.416667,151,252,69,612,8.369999886,,,,,,,,,
480,Festuca arundinacea,138.8227,-35.40184,154,261,67,542,8.920000076,,,,,,,,,
481,Festuca arundinacea,138.822778,-35.401667,154,261,67,542,8.920000076,,,,,,,,,
482,Festuca arundinacea,149,-35.4,127,280,-5,716,11,,,,,,,,,
483,Festuca arundinacea,149.2333,-35.375,126,275,-4,661,11,,,,,,,,,
484,Galium palustre,138.710278,-35.372778,149,256,65,682,9.93999958,,,,,,,,,
485,Galium palustre,138.65,-35.366667,144,251,62,806,10,,,,,,,,,
486,Festuca arundinacea,149.083333,-35.366667,127,280,-5,716,11,,,,,,,,,
487,Festuca arundinacea,138.573056,-35.36,143,249,63,838,13.14999962,,,,,,,,,
488,Festuca arundinacea,138.6975,-35.359444,149,256,65,682,9.93999958,,,,,,,,,
489,Fumaria muralis,149.23,-35.35,126,275,-4,661,11,,,,,,,,,
490,Lycium barbarum,149.2333,-35.35,126,275,-4,661,11,,,,,,,,,
491,Lycium barbarum,138.449722,-35.335,147,249,68,771,16.35869598,,,,,,,,,
492,Fumaria muralis,149.15,-35.3333,129,280,-3,651,11,,,,,,,,,
493,Lycium barbarum,149.15,-35.3333,129,280,-3,651,11,,,,,,,,,
494,Fallopia convolvulus,149.01,-35.33,129,282,-3,692,11,,,,,,,,,
495,Festuca arundinacea,149.06,-35.33,129,282,-3,692,11,,,,,,,,,
496,Fumaria muralis,149.15,-35.33,129,280,-3,651,11,,,,,,,,,
497,Fumaria muralis,148.07,-35.32,142,305,9,880,11,,,,,,,,,
498,Festuca arundinacea,150.43,-35.32,165,252,69,1300,11,,,,,,,,,
499,Euphorbia helioscopia,136.870278,-35.318611,159,250,89,497,7,,,,,,,,,
500,Lycium barbarum,143.55,-35.3167,163,314,38,368,54.56000137,,,,,,,,,
501,Ficus carica,138.45618,-35.30037,159,260,76,569,10.19402981,,,,,,,,,
502,Fumaria muralis,144.52258,-35.30028,164,318,38,392,55,,,,,,,,,
503,Lycium barbarum,138.48,-35.3,159,260,76,569,10.19402981,,,,,,,,,
504,Lycium barbarum,138.483333,-35.3,159,260,76,569,10.19402981,,,,,,,,,
505,Ficus carica,138.55,-35.3,150,257,67,735,10,,,,,,,,,
506,Euphorbia helioscopia,148.22,-35.3,146,308,11,876,11,,,,,,,,,
507,Festuca arundinacea,148.9333,-35.3,131,285,-2,767,11,,,,,,,,,
508,Lycium barbarum,149.08,-35.3,129,282,-3,692,11,,,,,,,,,
509,Lycium barbarum,149.0833,-35.3,129,282,-3,692,11,,,,,,,,,
510,Fumaria muralis,149.1,-35.3,129,280,-3,651,11,,,,,,,,,
511,Festuca arundinacea,149.125,-35.3,129,280,-3,651,11,,,,,,,,,
512,Festuca arundinacea,149.2167,-35.2833,128,277,-3,651,11,,,,,,,,,
513,Fumaria muralis,147.08,-35.28,156,315,28,581,10.75,,,,,,,,,
514,Fumaria muralis,149.1,-35.28,129,280,-3,651,11,,,,,,,,,
515,Fallopia convolvulus,149.11,-35.28,129,280,-3,651,11,,,,,,,,,
516,Fumaria muralis,149.13,-35.28,129,280,-3,651,11,,,,,,,,,
517,Festuca arundinacea,149.21,-35.28,128,277,-3,651,11,,,,,,,,,
518,Fumaria muralis,147.07257,-35.2763,156,315,28,581,10.75,,,,,,,,,
519,Ficus carica,136.890278,-35.2725,159,250,89,497,7,,,,,,,,,
520,Fumaria muralis,136.890556,-35.272222,159,250,89,497,7,,,,,,,,,
521,Fumaria muralis,148.9667,-35.2667,131,285,-2,767,11,,,,,,,,,
522,Fumaria muralis,138.90178,-35.26638,154,267,63,517,10.64999962,,,,,,,,,
523,Fumaria muralis,149.1,-35.26,129,280,-3,651,11,,,,,,,,,
524,Festuca arundinacea,149.05,-35.25,129,282,-3,692,11,,,,,,,,,
525,Festuca arundinacea,149.08,-35.25,129,282,-3,692,11,,,,,,,,,
526,Euphorbia helioscopia,149.11,-35.25,129,280,-3,651,11,,,,,,,,,
527,Euphorbia helioscopia,149.1167,-35.25,129,280,-3,651,11,,,,,,,,,
528,Festuca arundinacea,149.15,-35.25,129,280,-3,651,11,,,,,,,,,
529,Euphorbia helioscopia,136.843611,-35.239167,160,252,89,480,7,,,,,,,,,
530,Festuca arundinacea,139.419722,-35.230556,158,288,54,373,11,,,,,,,,,
531,Lycium barbarum,138.4917,-35.225,161,267,75,545,11,,,,,,,,,
532,Festuca arundinacea,174.18944,-35.21983,160,246,82,1609,46,,,,,,,,,
533,Ficus carica,138.6,-35.2167,149,263,62,785,10.02999973,,,,,,,,,
534,Festuca arundinacea,149.15,-35.2167,128,280,-3,673,11,,,,,,,,,
535,Euphorbia helioscopia,137.013611,-35.2025,160,255,86,478,7,,,,,,,,,
536,Ficus carica,138.469167,-35.201111,161,267,75,545,11,,,,,,,,,
537,Euphorbia helioscopia,137.01512,-35.20098,160,255,86,478,7,,,,,,,,,
538,Fumaria muralis,147.1,-35.2,156,315,27,580,11,,,,,,,,,
539,Euphorbia helioscopia,148.2,-35.2,148,310,13,833,11,,,,,,,,,
540,Festuca arundinacea,150.4,-35.2,153,252,51,1238,10.35999966,,,,,,,,,
541,Festuca arundinacea,138.75,-35.183333,142,263,52,795,7.639999866,,,,,,,,,
542,Fumaria muralis,139.11198,-35.17072,155,279,57,386,11.89999962,,,,,,,,,
543,Fumaria muralis,149.0667,-35.1667,129,283,-2,704,11,,,,,,,,,
544,Fumaria muralis,149.3833,-35.1667,119,266,-7,745,10.32966995,,,,,,,,,
545,Fumaria muralis,139.066667,-35.166667,156,277,59,398,11,,,,,,,,,
546,Fumaria muralis,138.5552,-35.15907,156,270,69,648,10.98999977,,,,,,,,,
547,Fumaria muralis,138.4667,-35.1333,162,272,74,533,11,,,,,,,,,
548,Fumaria muralis,138.7167,-35.1167,145,267,55,831,10,,,,,,,,,
549,Fumaria muralis,137.616667,-35.116667,162,266,80,424,23,,,,,,,,,
550,Fumaria muralis,117.916666,-35.116666,156,244,77,893,3,,,,,,,,,
551,Festuca arundinacea,138.583611,-35.110556,150,268,62,783,10.26000023,,,,,,,,,
552,Ficus carica,148.6694,-35.1008,130,287,-2,931,21.64999962,,,,,,,,,
553,Fallopia convolvulus,150.4,-35.1,147,251,42,1244,10.38000011,,,,,,,,,
554,Ficus carica,138.676111,-35.084444,145,267,55,831,10,,,,,,,,,
555,Festuca arundinacea,138.683333,-35.083333,141,267,50,951,10,,,,,,,,,
556,Lycium barbarum,138.866667,-35.066667,140,272,45,774,9.319999695,,,,,,,,,
557,Euphorbia helioscopia,137.32,-35.050278,160,264,79,457,7,,,,,,,,,
558,Ficus carica,138.6,-35.05,150,272,60,771,10.10999966,,,,,,,,,
559,Lycium barbarum,138.6,-35.05,150,272,60,771,10.10999966,,,,,,,,,
560,Festuca arundinacea,138.75,-35.05,143,271,49,837,10,,,,,,,,,
561,Fumaria muralis,138.75,-35.05,143,271,49,837,10,,,,,,,,,
562,Fumaria muralis,147.35,-35.05,157,317,27,561,20,,,,,,,,,
563,Ficus carica,138.60443,-35.04846,150,272,60,771,10.10999966,,,,,,,,,
564,Festuca arundinacea,117.591666,-35.048055,156,250,77,934,3,,,,,,,,,
565,Fumaria muralis,116.926388,-35.045,157,257,78,1128,3,,,,,,,,,
566,Festuca arundinacea,138.575,-35.039167,159,276,69,584,10.97894764,,,,,,,,,
567,Ficus carica,138.575,-35.039167,159,276,69,584,10.97894764,,,,,,,,,
568,Euphorbia helioscopia,137.183333,-35.033333,159,262,79,473,7,,,,,,,,,
569,Festuca arundinacea,149.75,-35.0333,126,266,3,730,11,,,,,,,,,
570,Fumaria muralis,117.879722,-35.031388,159,248,79,881,3,,,,,,,,,
571,Festuca arundinacea,149.75,-35.03,126,266,3,730,11,,,,,,,,,
572,Fumaria muralis,138.67,-35.0275,141,267,50,951,10,,,,,,,,,
573,Fumaria muralis,138.67133,-35.02615,141,267,50,951,10,,,,,,,,,
574,Fumaria muralis,138.593056,-35.023333,150,272,60,771,10.10999966,,,,,,,,,
575,Fumaria muralis,138.5175,-35.02,159,276,69,584,10.97894764,,,,,,,,,
576,Lycium barbarum,149.65,-35.01,122,265,-2,763,11,,,,,,,,,
577,Festuca arundinacea,139.350278,-35.008056,159,292,53,336,11,,,,,,,,,
578,Ficus carica,138.676944,-35.006111,141,267,50,951,10,,,,,,,,,
579,Festuca arundinacea,-60,-35,163,319,43,966,18.52000046,,,,,,,,,
580,Galium palustre,-58.5,-35,161,299,50,979,37,,,,,,,,,
581,Fumaria muralis,117,-35,158,257,78,1102,3,,,,,,,,,
582,Fumaria muralis,117.4,-35,158,255,78,1025,3,,,,,,,,,
583,Fumaria muralis,117.8,-35,157,248,78,888,3,,,,,,,,,
584,Ficus carica,148.7,-35,132,290,-1,887,11.75,,,,,,,,,
585,Fumaria muralis,148.83,-35,133,291,0,834,11,,,,,,,,,
586,Fumaria muralis,148.8333,-35,133,291,0,834,11,,,,,,,,,
587,Euphorbia helioscopia,150.5,-35,162,252,67,1277,11,,,,,,,,,
588,Fumaria muralis,150.5,-35,162,252,67,1277,11,,,,,,,,,
589,Euphorbia helioscopia,137.25,-34.996111,162,268,79,436,9.580645561,,,,,,,,,
590,Euphorbia helioscopia,137.25133,-34.99479,162,268,79,436,9.580645561,,,,,,,,,
591,Ficus carica,138.63,-34.9916,159,282,65,608,10.55000019,,,,,,,,,
592,Fumaria muralis,117.95,-34.983888,159,251,78,820,8.840000153,,,,,,,,,
593,Fumaria muralis,138.716667,-34.983333,139,268,46,968,10,,,,,,,,,
594,Fumaria muralis,138.69514,-34.97253,139,268,46,968,10,,,,,,,,,
595,Fumaria muralis,138.63,-34.97,159,282,65,608,10.55000019,,,,,,,,,
596,Festuca arundinacea,117.35,-34.9667,157,258,76,991,3,,,,,,,,,
597,Fallopia convolvulus,138.566667,-34.966667,165,284,71,487,10.95833302,,,,,,,,,
598,Festuca arundinacea,138.7,-34.966667,139,268,46,968,10,,,,,,,,,
599,Ficus carica,138.646389,-34.962222,159,282,65,608,10.55000019,,,,,,,,,
600,Fumaria muralis,138.646389,-34.962222,159,282,65,608,10.55000019,,,,,,,,,
601,Ficus carica,138.671389,-34.961944,139,268,46,968,10,,,,,,,,,
602,Festuca arundinacea,139.31387,-34.96033,160,293,54,311,43.75999832,,,,,,,,,
603,Festuca arundinacea,139.313889,-34.960278,160,293,54,311,43.75999832,,,,,,,,,
604,Festuca arundinacea,117.356666,-34.956388,157,258,76,991,3,,,,,,,,,
605,Fumaria muralis,117.356666,-34.956388,157,258,76,991,3,,,,,,,,,
606,Fumaria muralis,138.666667,-34.95,139,268,46,968,10,,,,,,,,,
607,Fumaria muralis,138.8,-34.95,138,270,43,940,10,,,,,,,,,
608,Festuca arundinacea,138.67186,-34.93059,139,268,46,968,10,,,,,,,,,
609,Lycium barbarum,138.512778,-34.928056,165,284,71,487,10.95833302,,,,,,,,,
610,Fumaria muralis,138.723889,-34.924167,139,268,46,968,10,,,,,,,,,
611,Euphorbia helioscopia,138.597222,-34.918333,159,282,65,608,10.55000019,,,,,,,,,
612,Fumaria muralis,138.497778,-34.916944,166,284,72,462,10,,,,,,,,,
613,Fumaria muralis,138.76224,-34.91227,141,274,45,833,10,,,,,,,,,
614,Euphorbia helioscopia,137.23007,-34.91158,164,270,81,423,7,,,,,,,,,
615,Fumaria muralis,138.529444,-34.906944,166,288,70,472,8.640000343,,,,,,,,,
616,Festuca arundinacea,138.710278,-34.906667,153,282,56,702,10.06000042,,,,,,,,,
617,Festuca arundinacea,149.8,-34.9,126,266,4,722,11,,,,,,,,,
618,Euphorbia helioscopia,150.65,-34.9,169,257,72,1263,11.93617058,,,,,,,,,
619,Euphorbia helioscopia,150.67,-34.9,170,254,76,1373,14.29268265,,,,,,,,,
620,Fumaria muralis,150.67,-34.9,170,254,76,1373,14.29268265,,,,,,,,,
621,Fumaria muralis,138.579722,-34.876111,166,288,70,472,8.640000343,,,,,,,,,
622,Festuca arundinacea,138.683333,-34.866667,153,282,56,702,10.06000042,,,,,,,,,
623,Fumaria muralis,138.733333,-34.866667,153,282,56,702,10.06000042,,,,,,,,,
624,Ficus carica,138.75,-34.866667,141,274,45,833,10,,,,,,,,,
625,Ficus carica,138.73901,-34.86426,153,282,56,702,10.06000042,,,,,,,,,
626,Festuca arundinacea,138.633,-34.85,164,289,66,545,10.96000004,,,,,,,,,
627,Fumaria muralis,138.833333,-34.85,141,274,45,833,10,,,,,,,,,
628,Fumaria muralis,148.91,-34.85,135,293,2,733,11,,,,,,,,,
629,Fumaria muralis,148.9167,-34.85,134,290,2,724,11,,,,,,,,,
630,Festuca arundinacea,138.84225,-34.83897,137,273,40,845,10,,,,,,,,,
631,Festuca arundinacea,138.75,-34.833333,143,278,45,752,10,,,,,,,,,
632,Fumaria muralis,139.36922,-34.81722,158,296,50,317,13.72999954,,,,,,,,,
633,Fumaria muralis,118.133611,-34.808888,153,253,69,671,11,,,,,,,,,
634,Lycium barbarum,147.03,-34.8,162,321,30,516,11,,,,,,,,,
635,Fallopia convolvulus,150.6,-34.8,159,253,58,1541,20.88999939,,,,,,,,,
636,Euphorbia helioscopia,150.7,-34.8,169,256,73,1459,21,,,,,,,,,
637,Fumaria muralis,150.7,-34.8,169,256,73,1459,21,,,,,,,,,
638,Fumaria muralis,138.98058,-34.77447,137,275,37,756,10,,,,,,,,,
639,Festuca arundinacea,149.72,-34.75,129,271,5,690,11,,,,,,,,,
640,Euphorbia helioscopia,135.866667,-34.733333,161,250,84,531,22.64864922,,,,,,,,,
641,Euphorbia helioscopia,146.79245,-34.733295,165,323,32,483,11,,,,,,,,,
642,Festuca arundinacea,149.97649,-34.72947,129,264,8,761,11,,,,,,,,,
643,Euphorbia helioscopia,135.754722,-34.728611,158,247,83,555,23,,,,,,,,,
644,Fumaria muralis,139.466667,-34.716667,159,299,48,309,11,,,,,,,,,
645,Fumaria muralis,149.73709,-34.707077,128,271,6,696,11,,,,,,,,,
646,Festuca arundinacea,149,-34.7,128,283,-1,750,11,,,,,,,,,
647,Fallopia convolvulus,150.7,-34.7,148,244,47,1875,21.21999931,,,,,,,,,
648,Fumaria muralis,135.511667,-34.696389,159,244,85,550,23,,,,,,,,,
649,Euphorbia helioscopia,138.81789,-34.6935,149,284,49,640,10.06000042,,,,,,,,,
650,Festuca arundinacea,138.701111,-34.689167,159,291,58,550,10.93999958,,,,,,,,,
651,Fumaria muralis,138.690278,-34.681944,159,291,58,550,10.93999958,,,,,,,,,
652,Fumaria muralis,117.440833,-34.656666,151,268,64,724,11,,,,,,,,,
653,Festuca arundinacea,117.646388,-34.656388,151,268,62,710,7.400000095,,,,,,,,,
654,Fumaria muralis,150.85948,-34.653778,171,256,74,1400,23.04999924,,,,,,,,,
655,Festuca arundinacea,135.733333,-34.65,156,247,79,570,18.87999916,,,,,,,,,
656,Euphorbia helioscopia,148.0333,-34.6333,151,315,17,683,11,,,,,,,,,
657,Galium palustre,150.5081,-34.6264,132,242,22,1649,13.97000027,,,,,,,,,
658,Fumaria muralis,117.665,-34.626388,151,268,62,710,7.400000095,,,,,,,,,
659,Fumaria muralis,20.125,-34.625,172,255,89,491,20.65999985,,,,,,,,,
660,Festuca arundinacea,149.41,-34.625,117,265,-4,845,11,,,,,,,,,
661,Festuca arundinacea,149.4167,-34.625,118,265,-3,822,11,,,,,,,,,
662,Fumaria muralis,143.65103,-34.623947,169,325,36,366,55,,,,,,,,,
663,Fumaria muralis,146.28989,-34.61688,167,324,33,453,11,,,,,,,,,
664,Fumaria muralis,135.433333,-34.616667,162,248,86,531,21.68852425,,,,,,,,,
665,Festuca arundinacea,117.2,-34.6,151,267,65,787,4.28000021,,,,,,,,,
666,Fumaria muralis,117.4,-34.6,150,267,63,739,6.519999981,,,,,,,,,
667,Festuca arundinacea,117.6,-34.6,151,268,62,710,7.400000095,,,,,,,,,
668,Fumaria muralis,117.6,-34.6,151,268,62,710,7.400000095,,,,,,,,,
669,Festuca arundinacea,150,-34.6,131,263,10,785,10.90999985,,,,,,,,,
670,Fumaria muralis,139.05402,-34.58632,137,277,34,687,10,,,,,,,,,
671,Festuca arundinacea,139.01344,-34.58472,137,277,34,687,10,,,,,,,,,
672,Ficus carica,139.01344,-34.58472,137,277,34,687,10,,,,,,,,,
673,Galium palustre,150.533,-34.575,130,242,19,1516,11.63000011,,,,,,,,,
674,Fumaria muralis,150.86311,-34.57113,172,258,73,1385,24,,,,,,,,,
675,Festuca arundinacea,117.166666,-34.561666,151,270,63,751,10.11999989,,,,,,,,,
676,Fumaria muralis,150.38,-34.55,130,250,13,1046,10.81999969,,,,,,,,,
677,Fumaria muralis,150.53,-34.55,130,242,19,1516,11.63000011,,,,,,,,,
678,Ficus carica,139.020833,-34.549722,140,280,36,628,10,,,,,,,,,
679,Fumaria muralis,138.95,-34.533333,148,285,44,567,10.19999981,,,,,,,,,
680,Galium palustre,150.4,-34.5306,130,250,13,1046,10.81999969,,,,,,,,,
681,Galium palustre,150.417,-34.5214,130,246,16,1245,11,,,,,,,,,
682,Galium palustre,150.35,-34.52,130,250,13,1046,10.81999969,,,,,,,,,
683,Fumaria muralis,146.51016,-34.500034,164,320,31,489,11,,,,,,,,,
684,Festuca arundinacea,148.8,-34.5,132,290,0,739,11,,,,,,,,,
685,Fallopia convolvulus,150.3,-34.5,130,253,12,932,10.85000038,,,,,,,,,
686,Fumaria muralis,150.4,-34.5,130,250,13,1046,10.81999969,,,,,,,,,
687,Fumaria muralis,150.5,-34.5,130,242,19,1516,11.63000011,,,,,,,,,
688,Galium palustre,150.5,-34.5,130,242,19,1516,11.63000011,,,,,,,,,
689,Fumaria muralis,146.50447,-34.48357,164,320,30,487,11,,,,,,,,,
690,Fumaria muralis,146.02542,-34.472572,168,324,32,420,11,,,,,,,,,
691,Festuca arundinacea,149.5572,-34.4647,113,256,-5,896,11,,,,,,,,,
692,Euphorbia helioscopia,147.52,-34.45,158,320,25,580,11,,,,,,,,,
693,Fumaria muralis,150.45,-34.45,131,248,15,1108,10.98999977,,,,,,,,,
694,Festuca arundinacea,150.89809,-34.440926,172,260,70,1404,24,,,,,,,,,
695,Euphorbia helioscopia,19.23,-34.44,163,241,84,576,5,,,,,,,,,
696,Fumaria muralis,137.671944,-34.433056,163,289,67,437,11.47999954,,,,,,,,,
697,Euphorbia helioscopia,150.77469,-34.421936,163,257,57,1426,24,,,,,,,,,
698,Festuca arundinacea,149.5833,-34.4125,114,258,-4,880,10.27999973,,,,,,,,,
699,Fumaria muralis,116,-34.4,147,263,64,1096,10,,,,,,,,,
700,Fumaria muralis,116.2,-34.4,149,268,64,997,10,,,,,,,,,
701,Fallopia convolvulus,147.5,-34.4,160,321,27,567,11,,,,,,,,,
702,Galium palustre,150.4,-34.4,132,254,13,961,10.57999992,,,,,,,,,
703,Fallopia convolvulus,150.5,-34.4,141,254,22,1155,10,,,,,,,,,
704,Fumaria muralis,18.875,-34.375,157,240,81,706,28,,,,,,,,,
705,Fumaria muralis,20.375,-34.375,174,277,70,546,12.35999966,,,,,,,,,
706,Fumaria muralis,21.375,-34.375,172,267,66,514,5,,,,,,,,,
707,Fumaria muralis,115.128055,-34.373333,165,242,99,1059,6.285714149,,,,,,,,,
708,Lycium barbarum,139.140556,-34.361389,145,287,39,494,11,,,,,,,,,
709,Ficus carica,138.822222,-34.339444,157,299,51,494,11,,,,,,,,,
710,Fumaria muralis,115.15,-34.333333,166,245,100,1051,5.639175415,,,,,,,,,
711,Fumaria muralis,116.1725,-34.329722,148,271,61,953,10,,,,,,,,,
712,Ficus carica,138.9167,-34.3167,150,294,44,499,11,,,,,,,,,
713,Ficus carica,138.91,-34.31,149,293,43,547,11,,,,,,,,,
714,Fumaria muralis,116.036944,-34.302778,146,266,61,1050,10,,,,,,,,,
715,Fumaria muralis,136.135556,-34.293611,164,268,78,354,9.010000229,,,,,,,,,
716,Fumaria muralis,116.064722,-34.288889,146,266,61,1050,10,,,,,,,,,
717,Fumaria muralis,137.870833,-34.278611,164,297,63,386,11,,,,,,,,,
718,Euphorbia helioscopia,146.02,-34.27,168,323,32,416,11,,,,,,,,,
719,Fumaria muralis,146.02,-34.27,168,323,32,416,11,,,,,,,,,
720,Fumaria muralis,116.145,-34.243333,148,273,59,958,10,,,,,,,,,
721,Festuca arundinacea,116.144722,-34.243055,148,273,59,958,10,,,,,,,,,
722,Fumaria muralis,144.37167,-34.240788,172,328,38,348,55,,,,,,,,,
723,Fumaria muralis,145.97185,-34.224144,169,324,33,414,11,,,,,,,,,
724,Euphorbia helioscopia,115,-34.2,165,247,98,1064,6.842105389,,,,,,,,,
725,Euphorbia helioscopia,115.016388,-34.2,165,247,98,1064,6.842105389,,,,,,,,,
726,Festuca arundinacea,116,-34.2,147,270,59,999,10,,,,,,,,,
727,Fumaria muralis,116,-34.2,147,270,59,999,10,,,,,,,,,
728,Festuca arundinacea,116.2,-34.2,148,275,59,909,10,,,,,,,,,
729,Fumaria muralis,116.2,-34.2,148,275,59,909,10,,,,,,,,,
730,Fumaria muralis,146,-34.2,168,324,32,414,11,,,,,,,,,
731,Fallopia convolvulus,148.9,-34.2,139,297,6,694,11,,,,,,,,,
732,Festuca arundinacea,150.63,-34.2,158,271,29,985,10.27999973,,,,,,,,,
733,Fumaria muralis,146.26962,-34.1884,166,322,30,455,11,,,,,,,,,
734,Festuca arundinacea,116.015,-34.186666,147,270,59,999,10,,,,,,,,,
735,Fumaria muralis,150.84007,-34.184635,154,253,41,1448,10.03999996,,,,,,,,,
736,Fumaria muralis,146.28271,-34.180363,166,322,30,455,11,,,,,,,,,
737,Fumaria muralis,146.17,-34.17,168,324,32,434,11,,,,,,,,,
738,Euphorbia helioscopia,147.37,-34.15,164,322,31,512,11,,,,,,,,,
739,Lycium barbarum,147.37,-34.15,164,322,31,512,11,,,,,,,,,
740,Euphorbia helioscopia,150.32,-34.15,150,277,17,866,11,,,,,,,,,
741,Festuca arundinacea,150.70996,-34.13063,165,276,35,890,10.96000004,,,,,,,,,
742,Festuca arundinacea,151,-34.13,167,259,59,1390,10,,,,,,,,,
743,Festuca arundinacea,150.71315,-34.129482,165,276,35,890,10.96000004,,,,,,,,,
744,Festuca arundinacea,18.375,-34.125,163,245,85,887,28,,,,,,,,,
745,Fumaria muralis,18.875,-34.125,162,266,69,765,14.923913,,,,,,,,,
746,Fumaria muralis,19.375,-34.125,156,261,55,683,10.25,,,,,,,,,
747,Fumaria muralis,21.375,-34.125,170,278,50,452,7.340000153,,,,,,,,,
748,Fumaria muralis,23.375,-34.125,166,245,78,926,28,,,,,,,,,
749,Fallopia convolvulus,24.875,-34.125,172,239,95,649,12.77499962,,,,,,,,,
750,Fumaria muralis,150.80878,-34.108955,163,270,40,1003,10.10000038,,,,,,,,,
751,Lycium barbarum,141.85638,-34.10027,173,330,44,290,46.63999939,,,,,,,,,
752,Euphorbia helioscopia,147.4,-34.1,164,322,31,512,11,,,,,,,,,
753,Lycium barbarum,147.4,-34.1,164,322,31,512,11,,,,,,,,,
754,Euphorbia helioscopia,150.3,-34.1,150,277,17,866,11,,,,,,,,,
755,Festuca arundinacea,150.6,-34.1,159,274,27,939,10.97000027,,,,,,,,,
756,Ficus carica,150.75,-34.1,163,270,40,1003,10.10000038,,,,,,,,,
757,Fumaria muralis,139.049167,-34.076667,146,293,37,435,11,,,,,,,,,
758,Fumaria muralis,116.195833,-34.075277,147,282,52,839,10,,,,,,,,,
759,Euphorbia helioscopia,150.82,-34.07,168,277,40,858,10.5,,,,,,,,,
760,Fumaria muralis,150.82,-34.07,168,277,40,858,10.5,,,,,,,,,
761,Lycium barbarum,150.82,-34.07,168,277,40,858,10.5,,,,,,,,,
762,Fumaria muralis,151.16017,-34.04042,175,263,68,1229,10,,,,,,,,,
763,Fumaria muralis,151.08427,-34.03676,175,263,68,1229,10,,,,,,,,,
764,Fumaria muralis,115.113888,-34.002777,164,257,93,1062,18.19000053,,,,,,,,,
765,Festuca arundinacea,115,-34,165,254,95,1069,14.11111069,,,,,,,,,
766,Ficus carica,115,-34,165,254,95,1069,14.11111069,,,,,,,,,
767,Fumaria muralis,115,-34,165,254,95,1069,14.11111069,,,,,,,,,
768,Fumaria muralis,115.2,-34,164,260,91,1040,10,,,,,,,,,
769,Fumaria muralis,116.2,-34,147,282,52,839,10,,,,,,,,,
770,Fumaria muralis,116.4,-34,147,283,52,767,10.06999969,,,,,,,,,
771,Fumaria muralis,118.4,-34,155,284,58,374,11,,,,,,,,,
772,Fallopia convolvulus,150.7,-34,167,282,35,835,11,,,,,,,,,
773,Euphorbia helioscopia,150.8,-34,168,277,40,858,10.5,,,,,,,,,
774,Fallopia convolvulus,150.8,-34,168,277,40,858,10.5,,,,,,,,,
775,Festuca arundinacea,150.8,-34,168,277,40,858,10.5,,,,,,,,,
776,Ficus carica,150.8,-34,168,277,40,858,10.5,,,,,,,,,
777,Fumaria muralis,150.8,-34,168,277,40,858,10.5,,,,,,,,,
778,Lycium barbarum,150.8,-34,168,277,40,858,10.5,,,,,,,,,
779,Fumaria muralis,151.23,-33.98,176,262,72,1203,3,,,,,,,,,
780,Fumaria muralis,151.12,-33.97,175,266,66,1173,4.359550476,,,,,,,,,
781,Euphorbia helioscopia,137.7167,-33.9667,169,305,62,376,11,,,,,,,,,
782,Euphorbia helioscopia,137.7166,-33.9666,169,305,62,376,11,,,,,,,,,
783,Festuca arundinacea,150.89163,-33.96508,172,278,47,868,10.06999969,,,,,,,,,
784,Fumaria muralis,116.138199,-33.960155,148,287,51,839,10.96000004,,,,,,,,,
785,Fumaria muralis,118.368055,-33.96,156,288,57,367,11,,,,,,,,,
786,Fumaria muralis,150.82144,-33.959347,168,279,39,838,10.93999958,,,,,,,,,
787,Euphorbia helioscopia,150.86946,-33.9541,172,278,47,868,10.06999969,,,,,,,,,
,,,,,,,,,,,,,,,,,
788,Festuca arundinacea,115.071666,-33.951666,165,258,93,1072,21.39999962,,,,,,,,,
789,Euphorbia helioscopia,18.4,-33.95,156,246,74,1077,21.6935482,,,,,,,,,
790,Fumaria muralis,120.116666,-33.95,170,285,76,513,7,,,,,,,,,
791,Fumaria muralis,115.068185,-33.948812,165,258,93,1072,21.39999962,,,,,,,,,
792,Euphorbia helioscopia,137.6225,-33.938056,170,303,64,372,11,,,,,,,,,
,,,,,,,,,,,,,,,,,
793,Fumaria muralis,116.470888,-33.931388,150,290,53,704,10.56000042,,,,,,,,,
794,Euphorbia helioscopia,147.25,-33.92,165,320,31,504,11,,,,,,,,,
795,Euphorbia helioscopia,150.9,-33.92,172,278,47,868,10.06999969,,,,,,,,,
796,Fumaria muralis,149.3643,-33.919186,131,280,2,783,10.53999996,,,,,,,,,
797,Fumaria muralis,150.84698,-33.91201,171,279,46,887,10.97999954,,,,,,,,,
798,Fumaria muralis,150.84212,-33.911926,171,279,46,887,10.97999954,,,,,,,,,
799,Festuca arundinacea,150.60162,-33.902245,165,285,29,902,11,,,,,,,,,
800,Fumaria muralis,151.22,-33.9,176,262,70,1275,3,,,,,,,,,
801,Festuca arundinacea,150.84769,-33.892414,171,279,46,887,10.97999954,,,,,,,,,
802,Festuca arundinacea,151.2,-33.88,176,262,70,1275,3,,,,,,,,,
803,Euphorbia helioscopia,18.375,-33.875,168,262,79,841,5,,,,,,,,,
804,Festuca arundinacea,18.375,-33.875,168,262,79,841,5,,,,,,,,,
805,Fumaria muralis,18.375,-33.875,168,262,79,841,5,,,,,,,,,
806,Fumaria muralis,18.625,-33.875,165,271,68,744,14.60000038,,,,,,,,,
807,Euphorbia helioscopia,18.875,-33.875,163,281,64,919,17.14999962,,,,,,,,,
808,Festuca arundinacea,18.875,-33.875,163,281,64,919,17.14999962,,,,,,,,,
809,Fumaria muralis,18.875,-33.875,163,281,64,919,17.14999962,,,,,,,,,
810,Festuca arundinacea,19.625,-33.875,159,280,47,511,27.60000038,,,,,,,,,
811,Fumaria muralis,20.625,-33.875,155,282,30,423,28,,,,,,,,,
812,Fumaria muralis,21.125,-33.875,161,283,34,402,28,,,,,,,,,
813,Euphorbia helioscopia,22.375,-33.875,145,247,46,630,28,,,,,,,,,
814,Fumaria muralis,22.375,-33.875,145,247,46,630,28,,,,,,,,,
815,Fumaria muralis,22.625,-33.875,151,244,59,739,27.86000061,,,,,,,,,
816,Ficus carica,148.6714,-33.8739,154,315,17,639,11,,,,,,,,,
817,Euphorbia helioscopia,151.12,-33.87,176,267,65,1144,3,,,,,,,,,
818,Ficus carica,115.865555,-33.861111,150,285,55,936,11,,,,,,,,,
819,Lycium barbarum,151.27,-33.85,175,259,72,1268,3,,,,,,,,,
820,Ficus carica,138.6333,-33.8333,148,300,33,621,11,,,,,,,,,
821,Fumaria muralis,151.1333,-33.8333,173,267,61,1181,9.25252533,,,,,,,,,
822,Fumaria muralis,151.13,-33.83,173,267,61,1181,9.25252533,,,,,,,,,
823,Fumaria muralis,151.22,-33.83,173,262,64,1301,9.134020805,,,,,,,,,
824,Fumaria muralis,151.27,-33.83,175,262,69,1294,8.600000381,,,,,,,,,
825,Euphorbia helioscopia,148.67,-33.82,153,316,16,663,11,,,,,,,,,
826,Fallopia convolvulus,115,-33.8,164,263,91,986,23,,,,,,,,,
827,Fumaria muralis,115,-33.8,164,263,91,986,23,,,,,,,,,
828,Fallopia convolvulus,146.9,-33.8,164,320,28,492,11,,,,,,,,,
829,Euphorbia helioscopia,147.3,-33.8,167,321,31,503,11,,,,,,,,,
830,Fallopia convolvulus,150.9,-33.8,171,280,45,891,11,,,,,,,,,
831,Euphorbia helioscopia,151.02,-33.8,173,272,55,1057,11,,,,,,,,,
832,Euphorbia helioscopia,151.1,-33.8,173,267,61,1181,9.25252533,,,,,,,,,
833,Fallopia convolvulus,151.1,-33.8,173,267,61,1181,9.25252533,,,,,,,,,
834,Fumaria muralis,151.1,-33.8,173,267,61,1181,9.25252533,,,,,,,,,
835,Festuca arundinacea,151.2,-33.8,173,262,64,1301,9.134020805,,,,,,,,,
836,Lycium barbarum,151.3,-33.8,175,262,69,1294,8.600000381,,,,,,,,,
837,Fumaria muralis,151.16,-33.780003,173,267,61,1181,9.25252533,,,,,,,,,
838,Festuca arundinacea,138.566667,-33.766667,151,302,36,579,11,,,,,,,,,
839,Fumaria muralis,151.24478,-33.763706,173,262,64,1301,9.134020805,,,,,,,,,
840,Fumaria muralis,151.07,-33.75,173,272,55,1057,11,,,,,,,,,
841,Fumaria muralis,151.0287,-33.74882,166,267,48,1155,10.56000042,,,,,,,,,
842,Fumaria muralis,150.67079,-33.747517,171,288,34,899,11,,,,,,,,,
843,Euphorbia helioscopia,151,-33.72,166,267,48,1155,10.56000042,,,,,,,,,
844,Fumaria muralis,151.1,-33.72,167,264,53,1237,10,,,,,,,,,
845,Festuca arundinacea,150.332,-33.7125,124,244,11,1251,10.09000015,,,,,,,,,
846,Fumaria muralis,150.87375,-33.71114,172,282,43,873,10.98999977,,,,,,,,,
847,Fumaria muralis,151.08888,-33.709057,167,264,53,1237,10,,,,,,,,,
848,Fumaria muralis,151.02719,-33.706497,166,267,48,1155,10.56000042,,,,,,,,,
849,Fumaria muralis,150.93094,-33.704258,171,276,47,972,10.94999981,,,,,,,,,
850,Euphorbia helioscopia,148.7,-33.7,150,313,13,713,11,,,,,,,,,
851,Euphorbia helioscopia,151,-33.7,166,267,48,1155,10.56000042,,,,,,,,,
852,Euphorbia helioscopia,151.1,-33.7,167,264,53,1237,10,,,,,,,,,
853,Fumaria muralis,151.1,-33.7,167,264,53,1237,10,,,,,,,,,
854,Fumaria muralis,151.28452,-33.692314,173,262,65,1296,10,,,,,,,,,
855,Lycium barbarum,150.88611,-33.688374,172,282,43,873,10.98999977,,,,,,,,,
856,Euphorbia helioscopia,151.2145,-33.687492,169,261,59,1291,10,,,,,,,,,
857,Ficus carica,115.216666,-33.683333,166,277,86,880,22.39999962,,,,,,,,,
858,Euphorbia helioscopia,138.9,-33.683333,144,297,28,489,11,,,,,,,,,
859,Euphorbia helioscopia,138.93,-33.68,144,297,29,441,11,,,,,,,,,
860,Fumaria muralis,151.29028,-33.673683,173,262,65,1296,10,,,,,,,,,
861,Euphorbia helioscopia,138.966667,-33.666667,144,297,29,441,11,,,,,,,,,
862,Fumaria muralis,115.3162,-33.661216,165,284,82,840,3,,,,,,,,,
863,Festuca arundinacea,150.28114,-33.65962,119,235,12,1260,10,,,,,,,,,
864,Fumaria muralis,115.00818,-33.655199,165,268,89,873,23,,,,,,,,,
865,Fumaria muralis,115.008,-33.655,165,268,89,873,23,,,,,,,,,
866,Euphorbia helioscopia,147.37,-33.65,169,324,33,500,46.5087738,,,,,,,,,
867,Fumaria muralis,151.05,-33.65,165,268,45,1156,10.21000004,,,,,,,,,
868,Ficus carica,115.422222,-33.638888,164,291,75,852,10.77777767,,,,,,,,,
869,Fumaria muralis,117.8833,-33.6333,156,299,53,387,11,,,,,,,,,
870,Fumaria muralis,117.88,-33.63,156,299,53,387,11,,,,,,,,,
871,Fumaria muralis,18.875,-33.625,174,298,62,682,18.90999985,,,,,,,,,
872,Fumaria muralis,21.625,-33.625,162,287,35,281,28,,,,,,,,,
873,Fumaria muralis,22.625,-33.625,138,249,35,596,28,,,,,,,,,
874,Fumaria muralis,24.375,-33.625,156,262,44,573,28,,,,,,,,,
875,Fumaria muralis,26.625,-33.625,183,253,101,577,13.56000042,,,,,,,,,
876,Fumaria muralis,151.15,-33.62,168,266,51,1212,10,,,,,,,,,
877,Fumaria muralis,150.75,-33.6167,173,288,36,877,11,,,,,,,,,
878,Festuca arundinacea,150.76035,-33.60336,173,288,36,877,11,,,,,,,,,
879,Lycium barbarum,150.76035,-33.60336,173,288,36,877,11,,,,,,,,,
880,Fumaria muralis,115,-33.6,165,268,89,873,23,,,,,,,,,
881,Ficus carica,115.2,-33.6,167,279,87,849,20.5,,,,,,,,,
882,Fumaria muralis,115.4,-33.6,164,288,78,835,3.606060505,,,,,,,,,
883,Fumaria muralis,118,-33.6,156,298,52,366,11,,,,,,,,,
884,Festuca arundinacea,150.4,-33.6,128,248,12,1261,10,,,,,,,,,
885,Fumaria muralis,150.72,-33.6,171,290,33,897,13.10000038,,,,,,,,,
886,Festuca arundinacea,150.75,-33.6,173,288,36,877,11,,,,,,,,,
887,Euphorbia helioscopia,151,-33.6,165,268,45,1156,10.21000004,,,,,,,,,
888,Fallopia convolvulus,151.1,-33.6,168,266,51,1212,10,,,,,,,,,
889,Fumaria muralis,151.1,-33.6,168,266,51,1212,10,,,,,,,,,
890,Euphorbia helioscopia,148.67,-33.57,157,323,16,665,11,,,,,,,,,
891,Fumaria muralis,150.67,-33.57,168,288,30,945,19.60000038,,,,,,,,,
892,Euphorbia helioscopia,147.45,-33.5667,170,326,34,499,55,,,,,,,,,
893,Lycium barbarum,150.88,-33.56,173,286,40,924,10.52000046,,,,,,,,,
894,Fumaria muralis,115.016666,-33.533333,168,271,92,836,23,,,,,,,,,
895,Ficus carica,116.1,-33.53,149,301,44,852,11,,,,,,,,,
896,Fumaria muralis,150.6257,-33.524746,153,273,22,1192,14.30000019,,,,,,,,,
897,Fumaria muralis,151.175,-33.516667,171,267,54,1243,10,,,,,,,,,
898,Fumaria muralis,148.66,-33.5,159,326,18,654,11,,,,,,,,,
899,Fumaria muralis,148.6667,-33.5,157,323,16,665,11,,,,,,,,,
900,Euphorbia helioscopia,148.7,-33.5,157,323,16,665,11,,,,,,,,,
901,Fumaria muralis,150.5,-33.5,148,271,18,1231,10.89999962,,,,,,,,,
902,Fallopia convolvulus,150.7,-33.5,168,288,30,945,19.60000038,,,,,,,,,
903,Festuca arundinacea,150.7,-33.5,168,288,30,945,19.60000038,,,,,,,,,
904,Fumaria muralis,150.7,-33.5,168,288,30,945,19.60000038,,,,,,,,,
905,Fumaria muralis,151.2,-33.5,171,267,54,1243,10,,,,,,,,,
906,Fumaria muralis,150.13838,-33.499115,119,244,6,929,10.61999989,,,,,,,,,
907,Fumaria muralis,150.72156,-33.48048,164,285,29,998,11.94999981,,,,,,,,,
908,Fumaria muralis,151.40666,-33.469215,174,264,62,1369,10,,,,,,,,,
909,Fumaria muralis,151.39552,-33.464973,174,264,62,1369,10,,,,,,,,,
910,Festuca arundinacea,149.02,-33.45,121,268,2,937,11,,,,,,,,,
911,Fumaria muralis,151.42932,-33.441055,175,262,66,1358,10.0967741,,,,,,,,,
912,Festuca arundinacea,-70.68,-33.43,147,297,28,355,33,,,,,,,,,
913,Fumaria muralis,149.38,-33.43,115,257,-3,840,11,,,,,,,,,
914,Fallopia convolvulus,150.78531,-33.427345,169,287,33,974,20,,,,,,,,,
915,Fumaria muralis,151.36832,-33.424484,174,264,62,1369,10,,,,,,,,,
916,Ficus carica,116.1,-33.4,149,304,42,890,7,,,,,,,,,
917,Fumaria muralis,116.8,-33.4,153,305,48,532,11,,,,,,,,,
918,Fallopia convolvulus,117.8,-33.4,160,307,54,383,20.10000038,,,,,,,,,
919,Festuca arundinacea,149,-33.4,115,259,0,991,12.5,,,,,,,,,
920,Fallopia convolvulus,149.3,-33.4,121,264,0,833,11,,,,,,,,,
921,Fallopia convolvulus,150.6,-33.4,156,280,23,1059,10,,,,,,,,,
922,Fumaria muralis,151.37325,-33.38793,172,264,59,1368,10.27999973,,,,,,,,,
923,Fumaria muralis,151.37442,-33.385338,172,264,59,1368,10.27999973,,,,,,,,,
924,Festuca arundinacea,151.37354,-33.38312,172,264,59,1368,10.27999973,,,,,,,,,
925,Fumaria muralis,18.375,-33.375,166,265,76,434,19.5,,,,,,,,,
926,Fumaria muralis,22.125,-33.375,138,269,19,393,28,,,,,,,,,
927,Fumaria muralis,22.375,-33.375,125,250,13,492,28,,,,,,,,,
928,Fumaria muralis,23.375,-33.375,151,278,31,461,20.42000008,,,,,,,,,
929,Fallopia convolvulus,25.875,-33.375,176,284,52,459,20.64999962,,,,,,,,,
930,Fumaria muralis,25.875,-33.375,176,284,52,459,20.64999962,,,,,,,,,
931,Fallopia convolvulus,26.375,-33.375,171,268,59,621,19.47999954,,,,,,,,,
932,Fallopia convolvulus,26.625,-33.375,178,270,73,610,14.96000004,,,,,,,,,
933,Fumaria muralis,26.625,-33.375,178,270,73,610,14.96000004,,,,,,,,,
934,Fumaria muralis,151.27908,-33.36592,165,262,50,1336,10,,,,,,,,,
935,Fumaria muralis,148.631,-33.3539,157,318,18,667,11,,,,,,,,,
936,Euphorbia helioscopia,149.083,-33.3514,115,259,0,991,12.5,,,,,,,,,
937,Fumaria muralis,116.731666,-33.341666,150,302,45,570,11,,,,,,,,,
938,Fumaria muralis,151.5027,-33.33329,178,261,75,1284,11,,,,,,,,,
939,Festuca arundinacea,115.633333,-33.316666,168,303,71,824,3,,,,,,,,,
940,Euphorbia helioscopia,146.37,-33.3,175,333,33,458,11,,,,,,,,,
941,Fumaria muralis,148.6,-33.3,155,314,17,686,11,,,,,,,,,
942,Fumaria muralis,148.73,-33.3,152,312,15,691,11,,,,,,,,,
943,Lycium barbarum,150.02,-33.3,122,253,3,816,10.64999962,,,,,,,,,
944,Ficus carica,138.382778,-33.296944,159,307,43,472,11,,,,,,,,,
945,Fumaria muralis,148.9333,-33.2667,126,275,3,972,13.10000038,,,,,,,,,
946,Fumaria muralis,149 9333,-33.2667,122,257,2,794,11.06000042,,,,,,,,,
947,Fumaria muralis,115 733333,-33.266666,168,305,68,842,5.134831429,,,,,,,,,
948,Fumaria muralis,148.9333,-33.2666,126,275,3,972,13.10000038,,,,,,,,,
949,Fumaria muralis,151.3291,-33.258133,166,264,49,1274,10.18000031,,,,,,,,,
950,Festuca arundinacea,149.11644,-33.2339,125,272,2,916,11,,,,,,,,,
951,Fumaria muralis,115.8,-33.2,167,307,66,867,4.460000038,,,,,,,,,
952,Fumaria muralis,148.7,-33.2,152,311,15,686,11,,,,,,,,,
953,Lycium barbarum,150,-33.2,129,263,5,760,10.89000034,,,,,,,,,
954,Fumaria muralis,138.299167,-33.186389,161,307,44,484,11,,,,,,,,,
955,Fumaria muralis,149.23914,-33.1654,133,282,4,819,11,,,,,,,,,
956,Fumaria muralis,151.5,-33.0833,177,270,66,1155,11,,,,,,,,,
957,Fumaria muralis,115.891388,-33.078055,168,307,66,909,6.360000134,,,,,,,,,
958,Euphorbia helioscopia,151.42,-33.07,175,273,60,1133,11,,,,,,,,,
959,Fumaria muralis,151.52,-33.07,177,270,66,1155,11,,,,,,,,,
960,Ficus carica,115.8833,-33.0667,168,307,66,909,6.360000134,,,,,,,,,
961,Euphorbia helioscopia,115.8,-33,169,305,69,893,5.349999905,,,,,,,,,
962,Fumaria muralis,115.8,-33,169,305,69,893,5.349999905,,,,,,,,,
963,Euphorbia helioscopia,151.4,-33,163,265,47,1133,11,,,,,,,,,
964,Fumaria muralis,151.5,-33,177,270,66,1155,11,,,,,,,,,
965,Festuca arundinacea,151.13612,-32.935944,169,286,40,856,10,,,,,,,,,
966,Fumaria muralis,151.69403,-32.929134,177,265,71,1144,11,,,,,,,,,
967,Euphorbia helioscopia,115.712833,-32.91785,172,302,75,885,8,,,,,,,,,
968,Fumaria muralis,115.712833,-32.91785,172,302,75,885,8,,,,,,,,,
969,Euphorbia helioscopia,151.25,-32.88,169,283,44,860,11,,,,,,,,,
970,Fumaria muralis,26.875,-32.875,180,294,53,584,12.94999981,,,,,,,,,
971,Fallopia convolvulus,27.375,-32.875,179,277,66,605,12,,,,,,,,,
972,Ficus carica,138.0625,-32.826667,163,306,42,511,21.20000076,,,,,,,,,
973,Fumaria muralis,117.174722,-32.821388,160,311,51,455,11,,,,,,,,,
974,Fumaria muralis,151.47,-32.82,177,287,54,890,11.10000038,,,,,,,,,
975,Fumaria muralis,151.62195,-32.818325,178,279,62,1008,21,,,,,,,,,
976,Fallopia convolvulus,-70.58,-32.8,150,302,28,312,29.75,,,,,,,,,
977,Fumaria muralis,117.2,-32.8,160,311,51,455,11,,,,,,,,,
978,Euphorbia helioscopia,151.3,-32.8,171,289,43,800,11,,,,,,,,,
979,Lycium barbarum,151.55,-32.73,179,287,56,923,21,,,,,,,,,
980,Lycium barbarum,151.63,-32.71,179,284,60,969,21,,,,,,,,,
981,Ficus carica,138.083333,-32.7,155,301,32,552,22.87999916,,,,,,,,,
982,Fumaria muralis,151.05,-32.7,171,297,37,703,10.5,,,,,,,,,
983,Fumaria muralis,151.5,-32.7,179,287,56,923,21,,,,,,,,,
984,Festuca arundinacea,-58.19,-32.69,182,321,66,1091,29,,,,,,,,,
985,Fumaria muralis,115.607972,-32.67475,178,301,85,867,8,,,,,,,,,
986,Fumaria muralis,118.15,-32.666666,164,319,47,345,10,,,,,,,,,
987,Fumaria muralis,151.23257,-32.6289,177,301,43,699,12.80000019,,,,,,,,,
988,Fumaria muralis,26.375,-32.625,162,285,32,576,23.84000015,,,,,,,,,
989,Fallopia convolvulus,27.125,-32.625,159,262,52,828,26.07999992,,,,,,,,,
990,Fumaria muralis,27.875,-32.625,174,255,81,734,20.42000008,,,,,,,,,
991,Fumaria muralis,115.6,-32.6,181,301,88,853,8,,,,,,,,,
992,Festuca arundinacea,149.58,-32.6,143,288,8,775,11,,,,,,,,,
993,Festuca arundinacea,151.2,-32.6,177,301,43,699,12.80000019,,,,,,,,,
994,Festuca arundinacea,151.6,-32.6,177,284,56,987,13.93999958,,,,,,,,,
995,Lycium barbarum,151.6,-32.6,177,284,56,987,13.93999958,,,,,,,,,
996,Euphorbia helioscopia,148.95,-32.55,163,317,20,674,21.55999947,,,,,,,,,
997,Ficus carica,137.986111,-32.542222,174,315,49,359,18.92000008,,,,,,,,,
998,Ficus carica,150.551,-32.5408,158,292,21,729,10,,,,,,,,,
999,Euphorbia helioscopia,149,-32.5,157,310,16,708,11,,,,,,,,,
1000,Festuca arundinacea,149.6,-32.5,152,297,13,717,11,,,,,,,,,
1001,Festuca arundinacea,151.2,-32.5,177,302,42,726,20.06999969,,,,,,,,,
1002,Fumaria muralis,138.03812,-32.47343,159,309,32,455,23,,,,,,,,,
1003,Fumaria muralis,138.013889,-32.466111,159,309,32,455,23,,,,,,,,,
1004,Festuca arundinacea,151.09694,-32.457073,176,305,40,704,12.31999969,,,,,,,,,
1005,Fumaria muralis,117.3525,-32.425,166,320,49,388,11,,,,,,,,,
1006,Fumaria muralis,150.37358,-32.41053,167,305,26,634,10,,,,,,,,,
1007,Euphorbia helioscopia,116,-32.4,166,305,65,1144,19.10000038,,,,,,,,,
1008,Ficus carica,116,-32.4,166,305,65,1144,19.10000038,,,,,,,,,
1009,Fumaria muralis,117.4,-32.4,169,325,51,379,11,,,,,,,,,
1010,Ficus carica,116.006388,-32.383055,166,305,65,1144,19.10000038,,,,,,,,,
1011,Fumaria muralis,150,-32.38,160,300,20,639,10.93999958,,,,,,,,,
1012,Festuca arundinacea,150.8411,-32.37612,170,304,31,668,11,,,,,,,,,
1013,Fallopia convolvulus,26.875,-32.375,132,245,18,867,28,,,,,,,,,
1014,Fallopia convolvulus,27.375,-32.375,152,249,52,809,28,,,,,,,,,
1015,Lycium barbarum,150.67,-32.37,174,311,33,643,17.10000038,,,,,,,,,
1016,Euphorbia helioscopia,115.966666,-32.366666,180,310,81,950,8.039999962,,,,,,,,,
1017,Fumaria muralis,115.914444,-32.340833,183,309,86,895,4.150000095,,,,,,,,,
1018,Ficus carica,115.908611,-32.337777,183,309,86,895,4.150000095,,,,,,,,,
1019,Festuca arundinacea,150.8911,-32.328278,173,308,33,648,11.55000019,,,,,,,,,
1020,Ficus carica,115.6903,-32.3053,185,302,93,800,8,,,,,,,,,
1021,Ficus carica,115.6902,-32.3052,185,302,93,800,8,,,,,,,,,
1022,Fumaria muralis,150,-32.3,161,300,21,636,10.02000046,,,,,,,,,
1023,Lycium barbarum,150.7,-32.3,173,310,32,645,11.69999981,,,,,,,,,
1024,Euphorbia helioscopia,115.716666,-32.283333,185,302,93,800,8,,,,,,,,,
1025,Fumaria muralis,148.62,-32.25,171,322,29,647,23,,,,,,,,,
1026,Euphorbia helioscopia,148.25,-32.23,176,327,35,592,11,,,,,,,,,
1027,Euphorbia helioscopia,115.6,-32.2,186,297,97,741,8,,,,,,,,,
1028,Euphorbia helioscopia,115.771388,-32.2,184,305,91,826,8,,,,,,,,,
1029,Euphorbia helioscopia,115.8,-32.2,184,305,91,826,8,,,,,,,,,
1030,Ficus carica,116,-32.2,171,309,71,1067,14.18000031,,,,,,,,,
1031,Fumaria muralis,148.6,-32.2,172,322,29,638,16.04000092,,,,,,,,,
1032,Festuca arundinacea,-60.54,-32.19,180,318,64,991,39,,,,,,,,,
1033,Fumaria muralis,150.86581,-32.175545,173,309,33,654,14.30000019,,,,,,,,,
1034,Ficus carica,116.0167,-32.1667,171,309,71,1067,14.18000031,,,,,,,,,
1035,Fumaria muralis,116.0667,-32.1667,171,309,71,1067,14.18000031,,,,,,,,,
1036,Ficus carica,115.866666,-32.166666,184,308,88,858,3.99000001,,,,,,,,,
1037,Ficus carica,116.0166,-32.1666,174,312,74,1005,12.31000042,,,,,,,,,
1038,Fumaria muralis,116.0666,-32.1666,174,312,74,1005,12.31000042,,,,,,,,,
1039,Euphorbia helioscopia,115.670458,-32.159312,185,297,96,740,8,,,,,,,,,
1040,Fumaria muralis,117.073631,-32.1114,170,334,47,420,11,,,,,,,,,
1041,Euphorbia helioscopia,148.3,-32.1,176,327,34,596,11,,,,,,,,,
1042,Fallopia convolvulus,150.22,-32.1,160,298,20,665,28.39999962,,,,,,,,,
1043,Euphorbia helioscopia,115.823333,-32.093333,185,304,92,793,7.730337143,,,,,,,,,
1044,Fumaria muralis,116 003055,-32.075,174,313,75,960,12.19999981,,,,,,,,,
1045,Ficus carica,115 816666,-32.066666,185,304,93,782,7.150000095,,,,,,,,,
1046,Ficus carica,115.766666,-32.05,185,304,93,782,7.150000095,,,,,,,,,
1047,Festuca arundinacea,115.922777,-32.042777,184,314,86,829,3,,,,,,,,,
1048,Fumaria muralis,115.846944,-32.038888,185,310,90,815,4.199999809,,,,,,,,,
1049,Euphorbia helioscopia,115.746483,-32.035449,187,302,96,748,8,,,,,,,,,
1050,Fumaria muralis,117.333333,-32.033333,171,331,48,380,11,,,,,,,,,
1051,Fumaria muralis,115.966666,-32.021666,184,314,86,829,3,,,,,,,,,
1052,Fumaria muralis,115.8333,-32.0167,185,304,93,782,7.150000095,,,,,,,,,
1053,Fumaria muralis,115.83,-32.01,185,304,93,782,7.150000095,,,,,,,,,
1054,Euphorbia helioscopia,115.8,-32,185,304,93,782,7.150000095,,,,,,,,,
1055,Ficus carica,115.8,-32,185,304,93,782,7.150000095,,,,,,,,,
1056,Fumaria muralis,115.8,-32,185,304,93,782,7.150000095,,,,,,,,,
1057,Ficus carica,116,-32,174,313,75,960,12.19999981,,,,,,,,,
1058,Fumaria muralis,116,-32,174,313,75,960,12.19999981,,,,,,,,,
1059,Fumaria muralis,117.4,-32,172,332,50,365,14.10000038,,,,,,,,,
1060,Fallopia convolvulus,150.2,-32,158,296,19,701,56,,,,,,,,,
1061,Euphorbia helioscopia,115.816388,-31.983333,186,305,94,773,6.78000021,,,,,,,,,
1062,Fallopia convolvulus,115.9333,-31.9833,184,315,85,799,4.380000114,,,,,,,,,
1063,Fumaria muralis,148.0167,-31.9833,179,332,37,544,11,,,,,,,,,
1064,Fallopia convolvulus,115.853333,-31.981388,186,311,91,799,4.5,,,,,,,,,
1065,Fallopia convolvulus,115.93,-31.98,184,315,85,799,4.380000114,,,,,,,,,
1066,Fumaria muralis,148.01,-31.98,179,332,37,544,11,,,,,,,,,
1067,Ficus carica,116.06,-31.976388,176,316,77,864,12.65999985,,,,,,,,,
1068,Fallopia convolvulus,115.96,-31.95,184,315,85,799,4.380000114,,,,,,,,,
1069,Fallopia convolvulus,115.9667,-31.95,184,315,85,799,4.380000114,,,,,,,,,
1070,Fumaria muralis,115.966666,-31.933333,184,315,85,799,4.380000114,,,,,,,,,
1071,Fumaria muralis,115.878055,-31.9175,186,311,91,799,4.5,,,,,,,,,
1072,Festuca arundinacea,116.049722,-31.916666,180,320,80,784,25.54000092,,,,,,,,,
1073,Ficus carica,115.898055,-31.911388,184,311,89,796,6.570000172,,,,,,,,,
1074,Fumaria muralis,152.48384,-31.903688,180,280,62,1253,17,,,,,,,,,
1075,Fallopia convolvulus,115.9,-31.9,184,311,89,796,6.570000172,,,,,,,,,
1076,Euphorbia helioscopia,115.8333,-31.8833,186,306,93,767,6.679999828,,,,,,,,,
1077,Euphorbia helioscopia,115.83,-31.88,186,306,93,767,6.679999828,,,,,,,,,
1078,Festuca arundinacea,23.875,-31.875,140,291,-5,336,28,,,,,,,,,
1079,Fumaria muralis,151.88992,-31.873829,166,281,39,1051,21.04000092,,,,,,,,,
1080,Ficus carica,116.064722,-31.87,180,320,80,784,25.54000092,,,,,,,,,
1081,Fumaria muralis,115.75,-31.85,186,306,93,767,6.679999828,,,,,,,,,
1082,Fumaria muralis,116,-31.85,180,320,80,784,25.54000092,,,,,,,,,
1083,Euphorbia helioscopia,115.8,-31.8,185,308,91,765,6.090000153,,,,,,,,,
1084,Ficus carica,115.8,-31.8,185,308,91,765,6.090000153,,,,,,,,,
1085,Fumaria muralis,115.8,-31.8,185,308,91,765,6.090000153,,,,,,,,,
1086,Ficus carica,116,-31.8,182,324,80,756,24.85000038,,,,,,,,,
1087,Festuca arundinacea,116.6,-31.8,171,336,49,530,7.880000114,,,,,,,,,
1088,Fumaria muralis,116.6,-31.8,171,336,49,530,7.880000114,,,,,,,,,
1089,Fumaria muralis,117.3,-31.8,173,333,49,370,11,,,,,,,,,
1090,Ficus carica,115.861388,-31.775,184,313,88,777,4.039999962,,,,,,,,,
1091,Festuca arundinacea,116.666666,-31.75,171,336,49,530,7.880000114,,,,,,,,,
1092,Fumaria muralis,116.666666,-31.75,171,336,49,530,7.880000114,,,,,,,,,
1093,Fumaria muralis,116.65,-31.7333,176,341,53,488,11,,,,,,,,,
1094,Fumaria muralis,116.65,-31.73,176,341,53,488,11,,,,,,,,,
1095,Fumaria muralis,117.6,-31.7,175,335,51,330,10,,,,,,,,,
1096,Fallopia convolvulus,116.665,-31.651666,178,343,56,462,11,,,,,,,,,
1097,Fumaria muralis,116.665,-31.651666,178,343,56,462,11,,,,,,,,,
1098,Fumaria muralis,138.463889,-31.649444,172,332,30,330,23,,,,,,,,,
1099,Ficus carica,116.0325,-31.638333,180,329,76,729,7.880000114,,,,,,,,,
1100,Euphorbia helioscopia,24.625,-31.625,129,279,-17,425,28,,,,,,,,,
1101,Ficus carica,115.6,-31.6,186,304,94,726,7,,,,,,,,,
1102,Fallopia convolvulus,116.6,-31.6,178,343,56,462,11,,,,,,,,,
1103,Fumaria muralis,116.6,-31.6,178,343,56,462,11,,,,,,,,,
1104,Fumaria muralis,117.6,-31.6,175,336,51,329,10,,,,,,,,,
1105,Fumaria muralis,148.82292,-31.573633,171,323,24,615,11,,,,,,,,,
1106,Ficus carica,115.68,-31.548055,184,307,90,737,7.730000019,,,,,,,,,
1107,Fumaria muralis,115.676483,-31.544075,184,307,90,737,7.730000019,,,,,,,,,
1108,Ficus carica,138.6,-31.533333,163,324,20,417,23,,,,,,,,,
1109,Fumaria muralis,150.664,-31.5128,167,314,22,681,56,,,,,,,,,
1110,Fumaria muralis,152.88333,-31.466667,179,265,68,1535,11,,,,,,,,,
1111,Fallopia convolvulus,149.9356,-31.4569,167,313,21,660,56,,,,,,,,,
1112,Fallopia convolvulus,151.12,-31.45,146,281,8,851,16.63999939,,,,,,,,,
1113,Lycium barbarum,152.92,-31.45,178,263,69,1588,11,,,,,,,,,
1114,Fallopia convolvulus,152.82635,-31.445488,179,268,65,1462,11,,,,,,,,,
1115,Ficus carica,116.083333,-31.433333,178,327,72,726,10.44999981,,,,,,,,,
1116,Fumaria muralis,150.44557,-31.429153,171,318,25,628,56,,,,,,,,,
1117,Fallopia convolvulus,150.41522,-31.42629,168,314,23,648,56,,,,,,,,,
1118,Ficus carica,138.70728,-31.41867,161,323,18,415,23,,,,,,,,,
1119,Ficus carica,116,-31.4,178,327,71,704,9.199999809,,,,,,,,,
1120,Fallopia convolvulus,149.9,-31.4,170,318,23,652,19.54999924,,,,,,,,,
1121,Fumaria muralis,150.7,-31.4,158,303,15,741,11,,,,,,,,,
1122,Fallopia convolvulus,151.1,-31.4,150,286,11,818,11,,,,,,,,,
1123,Fumaria muralis,19.125,-31.375,162,308,31,302,32,,,,,,,,,
1124,Euphorbia helioscopia,25.125,-31.375,142,294,-9,409,24.12000084,,,,,,,,,
1125,Festuca arundinacea,26.625,-31.375,115,264,-35,575,26.22999954,,,,,,,,,
1126,Festuca arundinacea,27.875,-31.375,143,254,9,691,16.42000008,,,,,,,,,
1127,Festuca arundinacea,151.13,-31.35,150,286,11,818,11,,,,,,,,,
1128,Festuca arundinacea,151.1333,-31.35,150,286,11,818,11,,,,,,,,,
1129,Ficus carica,115.924444,-31.348055,181,325,76,710,5.159999847,,,,,,,,,
1130,Fumaria muralis,148.463,-31.3272,180,332,33,562,11,,,,,,,,,
1131,Euphorbia helioscopia,151.1483,-31.3097,153,290,13,793,11,,,,,,,,,
1132,Euphorbia helioscopia,149.27,-31.27,159,314,9,800,17.20000076,,,,,,,,,
1133,Lycium barbarum,151.11,-31.2275,155,292,13,772,11,,,,,,,,,
1134,Euphorbia helioscopia,151.1,-31.2,155,292,13,772,11,,,,,,,,,
1135,Fallopia convolvulus,150.93,-31.12,163,303,20,701,11,,,,,,,,,
1136,Fallopia convolvulus,150.40797,-31.11275,178,324,31,637,48.34999847,,,,,,,,,
1137,Fallopia convolvulus,150.93,-31.11,163,303,20,701,11,,,,,,,,,
1138,Fumaria muralis,145.45,-31.1,190,341,47,352,11,,,,,,,,,
1139,Lycium barbarum,151.1,-31.1,148,285,7,781,11,,,,,,,,,
1140,Fumaria muralis,150.95,-31.0833,158,298,15,716,6.519999981,,,,,,,,,
1141,Ficus carica,150.9667,-31.0833,158,298,15,716,6.519999981,,,,,,,,,
1142,Ficus carica,150.96,-31.08,158,298,15,716,6.519999981,,,,,,,,,
1143,Fumaria muralis,152.92,-31.02,186,275,75,1394,9.390000343,,,,,,,,,
1144,Fallopia convolvulus,151.9167,-31.0167,137,256,8,987,23,,,,,,,,,
1145,Fumaria muralis,145.5,-31,190,341,46,356,11,,,,,,,,,
1146,Fallopia convolvulus,150.9,-31,166,307,23,667,10.19999981,,,,,,,,,
1147,Ficus carica,151,-31,158,297,15,717,10.68000031,,,,,,,,,
1148,Festuca arundinacea,151.9,-31,120,239,-5,996,22.28000069,,,,,,,,,
1149,Lycium barbarum,152.97,-31,186,275,75,1394,9.390000343,,,,,,,,,
1150,Festuca arundinacea,151.58,-30.98,123,251,-11,813,11,,,,,,,,,
1151,Fumaria muralis,150.2169,-30.958963,180,327,32,646,54.65000153,,,,,,,,,
1152,Festuca arundinacea,150.9167,-30.9333,149,288,7,779,3,,,,,,,,,
1153,Festuca arundinacea,150.91,-30.93,166,307,21,662,6.519999981,,,,,,,,,
1154,Fumaria muralis,152.9,-30.9,184,279,69,1366,14.11999989,,,,,,,,,
1155,Lycium barbarum,153,-30.9,187,273,81,1465,22.7209301,,,,,,,,,
1156,Festuca arundinacea,27.125,-30.875,140,280,-19,620,27.47999954,,,,,,,,,
1157,Festuca arundinacea,27.625,-30.875,125,257,-17,665,25.84000015,,,,,,,,,
1158,Fumaria muralis,30.375,-30.875,194,258,117,1137,21,,,,,,,,,
1159,Ficus carica,138.97496,-30.82077,175,334,25,268,23,,,,,,,,,
1160,Fumaria muralis,152.91638,-30.72814,186,284,67,1416,11,,,,,,,,,
1161,Fumaria muralis,30.375,-30.625,187,256,101,1095,21,,,,,,,,,
1162,Fallopia convolvulus,150.0458,-30.6198,183,332,32,625,12.56000042,,,,,,,,,
1163,Fumaria muralis,138.371667,-30.600556,190,349,38,181,23,,,,,,,,,
1164,Euphorbia helioscopia,151.633,-30.5933,130,258,-3,806,11.11999989,,,,,,,,,
1165,Festuca arundinacea,151.6,-30.5667,130,258,-2,800,11,,,,,,,,,
1166,Festuca arundinacea,136.898611,-30.56,199,357,54,181,11,,,,,,,,,
1167,Festuca arundinacea,151.6,-30.56,130,258,-2,800,11,,,,,,,,,
1168,Fumaria muralis,150.94104,-30.549564,147,289,1,755,4.119999886,,,,,,,,,
1169,Euphorbia helioscopia,151.6667,-30.5167,133,260,0,792,11,,,,,,,,,
1170,Euphorbia helioscopia,151.66,-30.51,130,258,-2,800,11,,,,,,,,,
1171,Festuca arundinacea,151.6,-30.5,130,258,-2,800,11,,,,,,,,,
1172,Fumaria muralis,150.7044,-30.4056,157,304,3,726,11,,,,,,,,,
1173,Fumaria muralis,150.7211,-30.4055,157,304,3,726,11,,,,,,,,,
1174,Festuca arundinacea,151.6,-30.4,121,245,-6,840,11,,,,,,,,,
1175,Festuca arundinacea,28.375,-30.375,145,260,9,687,20.25,,,,,,,,,
1176,Fallopia convolvulus,151.46,-30.32,127,256,-5,823,11,,,,,,,,,
1177,Fallopia convolvulus,151.67,-30.32,118,238,-5,866,17.95999908,,,,,,,,,
1178,Fumaria muralis,150.7,-30.3,151,297,-1,779,11,,,,,,,,,
1179,Festuca arundinacea,152.1,-30.3,122,235,3,956,13.76000023,,,,,,,,,
1180,Festuca arundinacea,152.6,-30.3,149,253,31,1806,23,,,,,,,,,
1181,Euphorbia helioscopia,153.13931,-30.267979,187,273,71,1735,24,,,,,,,,,
1182,Festuca arundinacea,151.6666,-30.2,118,239,-6,879,23,,,,,,,,,
1183,Festuca arundinacea,151.6667,-30.2,118,238,-4,876,21.55999947,,,,,,,,,
1184,Fallopia convolvulus,151.7,-30.2,118,238,-4,876,21.55999947,,,,,,,,,
1185,Fallopia convolvulus,149.87227,-30.16441,184,334,32,679,43.52000046,,,,,,,,,
1186,Fumaria muralis,149.87227,-30.16441,184,334,32,679,43.52000046,,,,,,,,,
1187,Fallopia convolvulus,149.85852,-30.162483,184,334,32,679,43.52000046,,,,,,,,,
1188,Fumaria muralis,149.85852,-30.162483,184,334,32,679,43.52000046,,,,,,,,,
1189,Fumaria muralis,17.875,-30.125,163,289,47,196,23.04999924,,,,,,,,,
1190,Fumaria muralis,30.875,-30.125,205,274,118,1008,21,,,,,,,,,
1191,Euphorbia helioscopia,151.67,-30.12,116,235,-6,918,11.96000004,,,,,,,,,
1192,Festuca arundinacea,152.2,-30.1,147,263,19,1094,22.90999985,,,,,,,,,
1193,Galium palustre,151.774,-30.0931,115,233,-5,940,11,,,,,,,,,
1194,Fallopia convolvulus,151.78223,-30.087975,115,233,-5,940,11,,,,,,,,,
1195,Galium palustre,151.766667,-30.083333,117,235,-4,955,5,,,,,,,,,
1196,Fallopia convolvulus,145.92,-30.07,201,354,51,375,55,,,,,,,,,
1197,Fumaria muralis,150.3,-30.05,169,320,14,774,13.88000011,,,,,,,,,
1198,Fallopia convolvulus,151.67,-30.02,115,235,-7,958,16.63999939,,,,,,,,,
1199,Fallopia convolvulus,145.9,-30,202,354,51,371,44.20000076,,,,,,,,,
1200,Euphorbia helioscopia,151.7,-30,115,235,-7,958,16.63999939,,,,,,,,,
1201,Euphorbia helioscopia,146.8667,-29.9667,200,355,46,440,55,,,,,,,,,
1202,Fallopia convolvulus,151.7,-29.9,128,252,-1,885,15.76000023,,,,,,,,,
1203,Ficus carica,151.12617,-29.879156,147,286,-1,813,11,,,,,,,,,
1204,Fallopia convolvulus,27.375,-29.875,146,274,-3,712,20,,,,,,,,,
1205,Fallopia convolvulus,29.125,-29.875,98,211,-26,833,43.91999817,,,,,,,,,
1206,Fumaria muralis,29.375,-29.875,133,240,-20,1051,27.29999924,,,,,,,,,
1207,Festuca arundinacea,30.625,-29.875,186,265,76,923,18.38999939,,,,,,,,,
1208,Fallopia convolvulus,152.82666,-29.809494,188,294,57,1243,11,,,,,,,,,
1209,Euphorbia helioscopia,151.12,-29.77,154,294,2,774,18.79999924,,,,,,,,,
1210,Fumaria muralis,151.12,-29.77,154,294,2,774,18.79999924,,,,,,,,,
1211,Fallopia convolvulus,150.13,-29.75,180,330,24,704,11,,,,,,,,,
1212,Fallopia convolvulus,151.73,-29.75,131,256,0,878,23.57999992,,,,,,,,,
1213,Festuca arundinacea,151.73,-29.73,135,260,2,881,20.48999977,,,,,,,,,
1214,Fallopia convolvulus,151.6,-29.725,135,261,1,875,23.87000084,,,,,,,,,
1215,Fallopia convolvulus,149.8,-29.72,190,337,36,616,51.5,,,,,,,,,
1216,Fallopia convolvulus,150.95,-29.72,153,296,0,762,23,,,,,,,,,
1217,Fallopia convolvulus,151.72,-29.72,135,260,2,881,20.48999977,,,,,,,,,
1218,Euphorbia helioscopia,151.1,-29.7,157,297,4,752,23,,,,,,,,,
1219,Fallopia convolvulus,151.7,-29.7,135,260,2,881,20.48999977,,,,,,,,,
1220,Festuca arundinacea,151.7,-29.7,135,260,2,881,20.48999977,,,,,,,,,
1221,Festuca arundinacea,151.87,-29.68,134,255,5,928,7.71999979,,,,,,,,,
1222,Fallopia convolvulus,152.92,-29.67,192,292,65,1148,16.60000038,,,,,,,,,
1223,Fumaria muralis,24.125,-29.625,179,332,4,325,27.37999916,,,,,,,,,
1224,Fallopia convolvulus,27.875,-29.625,132,256,-11,778,23,,,,,,,,,
1225,Fallopia convolvulus,28.375,-29.625,87,206,-43,747,23,,,,,,,,,
1226,Fallopia convolvulus,28.875,-29.625,109,222,-25,656,23,,,,,,,,,
1227,Fallopia convolvulus,29.375,-29.625,116,224,-30,1031,13.76000023,,,,,,,,,
1228,Euphorbia helioscopia,30.125,-29.625,146,240,13,921,22.96999931,,,,,,,,,
1229,Euphorbia helioscopia,30.375,-29.625,183,274,46,888,20.45000076,,,,,,,,,
1230,Festuca arundinacea,30.375,-29.625,183,274,46,888,20.45000076,,,,,,,,,
1231,Fallopia convolvulus,151,-29.6,157,298,3,733,23,,,,,,,,,
1232,Fallopia convolvulus,151.6,-29.6,139,267,3,846,14.67000008,,,,,,,,,
1233,Fallopia convolvulus,151.7,-29.6,137,263,3,866,11,,,,,,,,,
1234,Festuca arundinacea,151.7,-29.6,137,263,3,866,11,,,,,,,,,
1235,Fallopia convolvulus,152.9,-29.6,192,296,62,1110,18.89999962,,,,,,,,,
1236,Fallopia convolvulus,150.23416,-29.439718,185,333,27,659,11,,,,,,,,,
1237,Fallopia convolvulus,27.625,-29.375,153,278,7,724,20,,,,,,,,,
1238,Fumaria muralis,27.625,-29.375,153,278,7,724,20,,,,,,,,,
1239,Fallopia convolvulus,28.125,-29.375,113,233,-27,768,23,,,,,,,,,
1240,Fallopia convolvulus,29125e123211,-29.375,93,202,-36,690,23,,,,,,,,,
1241,Festuca arundinacea,29.625,-29.375,117,218,-33,1062,12.89999962,,,,,,,,,
1242,Euphorbia helioscopia,30.125,-29.375,148,245,10,859,21,,,,,,,,,
1243,Fumaria muralis,30.125,-29.375,148,245,10,859,21,,,,,,,,,
1244,Festuca arundinacea,151.8,-29.3,141,263,7,872,4.119999886,,,,,,,,,
1245,Ficus carica,-54.87,-29.18,186,304,80,1825,26,,,,,,,,,
1246,Fallopia convolvulus,26.125,-29.125,161,301,-3,535,18.87000084,,,,,,,,,
1247,Fumaria muralis,26.125,-29.125,161,301,-3,535,18.87000084,,,,,,,,,
1248,Fallopia convolvulus,26.875,-29.125,151,290,-17,633,21,,,,,,,,,
1249,Fallopia convolvulus,27.125,-29.125,149,284,-15,653,22,,,,,,,,,
1250,Fallopia convolvulus,28.375,-29.125,76,186,-50,885,23,,,,,,,,,
1251,Fumaria muralis,29.375,-29.125,107,206,-27,910,18.875,,,,,,,,,
1252,Fumaria muralis,29.875,-29.125,145,243,0,865,21,,,,,,,,,
1253,Fumaria muralis,30.625,-29.125,162,248,48,884,20.95999908,,,,,,,,,
1254,Fumaria muralis,-51.1,-29.1,165,261,83,1918,52,,,,,,,,,
1255,Fallopia convolvulus,152.0167,-29.05,146,262,16,955,11,,,,,,,,,
1256,Fallopia convolvulus,27.625,-28.875,148,273,-6,721,18,,,,,,,,,
1257,Euphorbia helioscopia,152.57,-28.87,188,302,54,1042,11,,,,,,,,,
1258,Fumaria muralis,151.9192,-28.84732,140,257,12,934,11,,,,,,,,,
1259,Fumaria muralis,153.4,-28.82,192,282,80,1614,23,,,,,,,,,
1260,Festuca arundinacea,114.6,-28.8,196,329,90,485,7.131578922,,,,,,,,,
1261,Euphorbia helioscopia,152.6,-28.8,185,297,54,1091,20.75,,,,,,,,,
1262,Festuca arundinacea,114.616388,-28.769722,196,329,90,485,7.131578922,,,,,,,,,
1263,Festuca arundinacea,153.48,-28.72,194,281,87,1727,23,,,,,,,,,
1264,Fumaria muralis,151.903,-28.6994,152,273,15,808,11,,,,,,,,,
1265,Fallopia convolvulus,24.875,-28.625,178,324,10,443,21,,,,,,,,,
1266,Fumaria muralis,151.9489,-28.62081,149,267,15,865,11,,,,,,,,,
1267,Fumaria muralis,151.9,-28.6,151,272,15,814,11,,,,,,,,,
1268,Fallopia convolvulus,151.9178,-28.58174,148,267,15,880,11,,,,,,,,,
1269,Fumaria muralis,151.9178,-28.58174,148,267,15,880,11,,,,,,,,,
1270,Festuca arundinacea,153,-28.5,188,292,64,1294,23.59000015,,,,,,,,,
1271,Fumaria muralis,150.5011,-28.49842,193,333,41,635,39.15999985,,,,,,,,,
1272,Fallopia convolvulus,29.125,-28.375,139,250,-7,786,25,,,,,,,,,
1273,Fallopia convolvulus,29.375,-28.375,143,251,-3,829,24.25,,,,,,,,,
1274,Fumaria muralis,152.2941,-28.34,164,282,29,905,15.26000023,,,,,,,,,
1275,Fumaria muralis,152.2942,-28.34,164,282,29,905,15.26000023,,,,,,,,,
1276,Fallopia convolvulus,152.2953,-28.33841,164,282,29,905,15.26000023,,,,,,,,,
1277,Lycium barbarum,152.2953,-28.33841,164,282,29,905,15.26000023,,,,,,,,,
1278,Fallopia convolvulus,150.77969,-28.25092,190,328,38,641,16.29999924,,,,,,,,,
1279,Fumaria muralis,153.5,-28.22,198,283,92,1694,23,,,,,,,,,
1280,Fumaria muralis,151.98779,-28.20036,172,297,28,695,11.89999962,,,,,,,,,
1281,Fumaria muralis,152.3,-28.2,159,275,27,939,20.57999992,,,,,,,,,
1282,Festuca arundinacea,29.125,-28.125,134,252,-18,699,25,,,,,,,,,
1283,Fumaria muralis,153.5,-28.1,198,284,91,1602,23,,,,,,,,,
1284,Fallopia convolvulus,151.55,-28.08,178,307,32,675,17.47999954,,,,,,,,,
1285,Fumaria muralis,153.2167,-28.0333,187,279,73,1433,23.55999947,,,,,,,,,
1286,Euphorbia helioscopia,152.0094,-28.02341,170,291,29,733,48.29999924,,,,,,,,,
1287,Fallopia convolvulus,151.6,-28,176,303,31,692,23,,,,,,,,,
1288,Euphorbia helioscopia,151.9167,-27.9333,172,293,30,728,56,,,,,,,,,
1289,Euphorbia helioscopia,151.91,-27.93,175,298,31,729,56,,,,,,,,,
1290,Euphorbia helioscopia,152.0844,-27.91508,166,283,31,829,20.31999969,,,,,,,,,
1291,Fallopia convolvulus,152.7511,-27.91507,191,301,57,938,44.43999863,,,,,,,,,
1292,Fumaria muralis,153.2511,-27.91507,197,288,83,1370,23,,,,,,,,,
1293,Fumaria muralis,153.203,-27.9134,190,282,76,1296,22.76000023,,,,,,,,,
1294,Fallopia convolvulus,24.625,-27.875,187,334,11,423,40.24000168,,,,,,,,,
1295,Fumaria muralis,152.4178,-27.74841,192,309,51,930,11,,,,,,,,,
1296,Fallopia convolvulus,151.77609,-27.62341,174,295,34,709,56,,,,,,,,,
1297,Fallopia convolvulus,151.77,-27.62,174,295,34,709,56,,,,,,,,,
1298,Fallopia convolvulus,151.9178,-27.58175,171,287,37,902,16,,,,,,,,,
1299,Lycium barbarum,151.9178,-27.58175,171,287,37,902,16,,,,,,,,,
1300,Lycium barbarum,152.0844,-27.58174,189,308,45,852,11,,,,,,,,,
1301,Fallopia convolvulus,153.2511,-27.58173,200,286,90,1348,11,,,,,,,,,
1302,Fumaria muralis,152.3427,-27.57341,195,311,54,851,55,,,,,,,,,
1303,Fallopia convolvulus,151.8994,-27.50036,172,290,36,806,37.61999893,,,,,,,,,
1304,Fallopia convolvulus,151.8,-27.5,176,297,35,723,56,,,,,,,,,
1305,Fumaria muralis,152.5011,-27.49841,197,309,59,891,23.22999954,,,,,,,,,
1306,Lycium barbarum,152.5011,-27.49841,197,309,59,891,23.22999954,,,,,,,,,
1307,Lycium barbarum,153.5011,-27.4984,201,275,105,1501,4,,,,,,,,,
1308,Lycium barbarum,151.8167,-27.4833,178,299,35,725,53.02999878,,,,,,,,,
1309,Lycium barbarum,151.81,-27.48,178,299,35,725,53.02999878,,,,,,,,,
1310,Fallopia convolvulus,151.4178,-27.41508,185,311,37,621,56,,,,,,,,,
1311,Fumaria muralis,151.7511,-27.41508,179,300,35,722,56,,,,,,,,,
1312,Fumaria muralis,152.91769,-27.41507,200,294,81,1268,16.39999962,,,,,,,,,
1313,Lycium barbarum,152.91769,-27.41507,200,294,81,1268,16.39999962,,,,,,,,,
1314,Lycium barbarum,153.0844,-27.41507,203,289,89,1191,23,,,,,,,,,
1315,Euphorbia helioscopia,30.125,-27.375,139,240,1,798,25.44000053,,,,,,,,,
1316,Fumaria muralis,152.8333,-27.3333,185,284,65,1285,11,,,,,,,,,
1317,Fumaria muralis,152.83,-27.33,185,284,65,1285,11,,,,,,,,,
1318,Fallopia convolvulus,152.7594,-27.32341,185,284,65,1285,11,,,,,,,,,
1319,Fallopia convolvulus,151.5,-27.3,183,308,36,634,48.79999924,,,,,,,,,
1320,Fallopia convolvulus,151.2511,-27.24842,188,316,39,641,55.18999863,,,,,,,,,
1321,Fallopia convolvulus,152.41769,-27.24841,195,305,57,915,48.41999817,,,,,,,,,
1322,Fallopia convolvulus,151.5,-27.2,183,308,36,628,35.29999924,,,,,,,,,
1323,Fallopia convolvulus,152.5844,-26.91507,190,294,61,1200,12.03999996,,,,,,,,,
1324,Festuca arundinacea,27.625,-26.875,165,279,2,654,28.98999977,,,,,,,,,
1325,Fumaria muralis,27.875,-26.875,164,280,-1,658,21,,,,,,,,,
1326,Fallopia convolvulus,29.375,-26.875,152,265,-7,677,54,,,,,,,,,
1327,Euphorbia helioscopia,32.125,-26.875,219,317,98,623,28.18000031,,,,,,,,,
1328,Fallopia convolvulus,152.7186,-26.78507,184,284,61,1468,19.44000053,,,,,,,,,
1329,Fallopia convolvulus,151.14281,-26.77342,189,317,39,649,46.70000076,,,,,,,,,
1330,Fallopia convolvulus,151.1,-26.7,188,316,37,639,27.54999924,,,,,,,,,
1331,Fallopia convolvulus,152.7,-26.7,191,292,65,1410,23.12999916,,,,,,,,,
1332,Fumaria muralis,152.79269,-26.64007,192,288,69,1545,23.87000084,,,,,,,,,
1333,Fallopia convolvulus,27.125,-26.625,166,283,2,625,21.76000023,,,,,,,,,
1334,Fallopia convolvulus,27.375,-26.625,166,282,3,633,22,,,,,,,,,
1335,Fallopia convolvulus,27.625,-26.625,164,277,4,663,47.41999817,,,,,,,,,
1336,Fallopia convolvulus,27.875,-26.625,165,278,3,675,27.27000046,,,,,,,,,
1337,Festuca arundinacea,27.875,-26.625,165,278,3,675,27.27000046,,,,,,,,,
1338,Euphorbia helioscopia,151.91769,-26.58175,184,303,39,829,11,,,,,,,,,
1339,Fallopia convolvulus  ,152.91769,-26.58174,202,289,85,1741,7,,,,,,,,,
1340,Euphorbia helioscopia,151.8261,-26.50675,182,302,37,796,23,,,,,,,,,
1341,   Euphorbia helioscopia,146.50121,-26.49844,199,341,34,503,11,,,,,,,,,
1342,Fallopia convolvulus,149.0844,-26.41509,195,334,35,633,11,,,,,,,,,
1343,Fallopia convolvulus,150.0844,-26.41509,194,327,40,677,10,,,,,,,,,
1344,Fallopia convolvulus,28.375,-26.375,155,267,-1,693,22.44000053,,,,,,,,,
1345,Fallopia convolvulus,151.91769,-26.24841,188,305,46,832,14.11999989,,,,,,,,,
1346,Fallopia convolvulus,152.7511,-26.24841,200,294,81,1366,18.95999908,,,,,,,,,
1347,Fallopia     convolvulus,27.875,-26.125,159,263,18,753,23.64999962,,,,,,,,,
1348,Fumaria muralis,27.875,-26.125,159,263,18,753,23.64999962,,,,,,,,,
1349,Fallopia convolvulus,28.125,-26.125,164,265,27,727,21.35000038,,,,,,,,,
1350,Fumaria muralis,28.125,-26.125,164,265,27,727,21.35000038,,,,,,,,,
1351,Festuca arundinacea,29.125,-26.125,156,266,0,690,18.47999954,,,,,,,,,
1352,Euphorbia helioscopia,151.91769,-26.08175,194,309,53,817,17.18000031,,,,,,,,,
1353,Euphorbia helioscopia,-54.12,-25.97,197,311,73,1757,66,,,,,,,,,
1354,Festuca arundinacea,28.125,-25.875,170,275,23,710,21.61000061,,,,,,,,,
1355,Euphorbia helioscopia,28.125,-25.625,179,292,15,695,36.11999893,,,,,,,,,
1356,Fallopia convolvulus,28.125,-25.625,179,292,15,695,36.11999893,,,,,,,,,
1357,Fumaria muralis,28.125,-25.625,179,292,15,695,36.11999893,,,,,,,,,
1358,Fumaria muralis,28.625,-25.625,170,278,15,691,24,,,,,,,,,
1359,Fallopia convolvulus,150.0428,-25.52342,205,333,48,681,44.93000031,,,,,,,,,
1360,Euphorbia helioscopia,-57.18,-25.42,224,325,123,1410,43.70000076,,,,,,,,,
1361,Fallopia convolvulus,151.41769,-25.41508,201,316,59,826,11,,,,,,,,,
1362,Fallopia convolvulus,150.5844,-24.41508,206,320,62,698,29.71999931,,,,,,,,,
1363,Fallopia convolvulus,148.05009,-24.29235,211,345,56,702,54.08000183,,,,,,,,,
1364,Fallopia convolvulus,148.0903,-24.16542,208,340,55,729,56,,,,,,,,,
1365,Fallopia convolvulus,29.875,-23.875,146,223,28,1024,22.26000023,,,,,,,,,
1366,Fallopia convolvulus,30.125,-23.875,189,276,59,1092,25.75,,,,,,,,,
1367,Festuca arundinacea,30.125,-23.875,189,276,59,1092,25.75,,,,,,,,,
1368,Festuca arundinacea,30.375,-23.875,216,314,73,662,28.32999992,,,,,,,,,
1369,Fumaria muralis,31.125,-23.875,221,318,93,539,8.670000076,,,,,,,,,
1370,[Fallopia convolvulus],133.9667,-23.7833,210,371,36,277,6,,,,,,,,,
1371,Festuca arundinacea,133.851258,-23.715235,208,369,35,288,6.239999771,,,,,,,,,
1372,Fallopia convolvulus,148.0094,-22.92344,218,338,71,627,52.84999847,,,,,,,,,
1373,Fallopia convolvulus,147.6783,-22.67705,218,339,69,622,56,,,,,,,,,
1374,euphorbia helioscopia,17.125,-22.625,186,310,34,377,4,,,,,,,,,
1375,Fallopia convolvulus,29.125,-22.375,216,331,50,348,16.45999908,,,,,,,,,
1376,Fallopia convolvulus,147.4928,-22.30678,221,340,73,602,56,,,,,,,,,
1377,Ficus carica,-64.92,-18.53,199,289,87,535,23,,,,,,,,,
1378,Fallopia convolvulus,146.10941,-17.87346,236,307,143,3106,23,,,,,,,,,
1379,Fallopia convolvulus,145.5011,-17.49846,199,287,98,1816,23,,,,,,,,,
1380,Festuca arundinacea,-68.55,-16.25,78,173,-49,698,17.12000084,,,,,,,,,
1381,Ficus carica,-72.6,-13.13,178,278,79,1306,9.56000042,,,,,,,,,
1382,Fumaria muralis,33.875,-10.375,171,260,74,1313,25,,,,,,,,,
1383,Ficus carica,-78.28,-9.48,195,273,132,15,5.599999905,,,,,,,,,
1384,Ficus carica,-79.02,-8.12,191,259,139,3,2.155555487,,,,,,,,,
1385,Festuca arundinacea,-79.3,-4.2,203,279,132,807,13.92000008,,,,,,,,,
1386,Festuca arundinacea,-79.15,-3.983,145,205,92,1080,17.15999985,,,,,,,,,
1387,Festuca arundinacea,-79,-3.98,169,235,112,1545,24,,,,,,,,,
1388,Ficus carica,-79.08,-3.38,119,177,66,706,18.71999931,,,,,,,,,
1389,Ficus carica,-79.57,-3.23,143,202,89,795,20,,,,,,,,,
1390,Ficus carica,-78.78,-3.05,138,204,77,801,26.36000061,,,,,,,,,
1391,Ficus carica,-78.6,-2.61,143,212,80,1349,48.79999924,,,,,,,,,
1392,Festuca arundinacea,-78.983,-2.466,97,153,44,722,15.19999981,,,,,,,,,
1393,Festuca arundinacea,-78.766,-2.133,105,167,46,653,8.850000381,,,,,,,,,
1394,Festuca arundinacea,-78.766,-2.1,105,167,46,653,8.850000381,,,,,,,,,
1395,Ficus carica,-78.65,-1.67,140,212,69,631,9,,,,,,,,,
1396,Ficus carica,-78.5,-1.55,106,173,46,966,12,,,,,,,,,
1397,Ficus carica,-78.12,-1.35,174,240,114,2254,12.72000027,,,,,,,,,
1398,Festuca arundinacea,-78.58,-0.22,98,156,38,1273,9.449999809,,,,,,,,,
1399,Festuca arundinacea,-78.5,-0.22,149,226,70,1131,9,,,,,,,,,
1400,Festuca arundinacea,-78.583,-0.216,98,156,38,1273,9.449999809,,,,,,,,,
 ,,,,,,,,,,,,,,,,,
 ,,,,,,,,,,,,,,,,,
